INSERT INTO devices(id, username, serial, platform, healthy, last_updated, public_key, ip) VALUES(11, '', 'C02CK4PBMD6M', 'darwin', true, '2006-01-02T15:04:05.999999Z', '2sFs8QCWrBSM7J5psYNq08kPhA3BEImfSFC8FIIdLGQ=', '10.253.240.5');
INSERT INTO devices(id, username, serial, platform, healthy, last_updated, public_key, ip) VALUES(20, 'youssef.bel.mekki@nais.io', 'C02DN23LMD6R', 'darwin', true, '2006-01-02T15:04:05.999999Z', 'yrp/kqpUzzMzysYANzf/Nh/xAZRlDJcHYbkB3Ajsukg=', '10.253.240.7');
INSERT INTO devices(id, username, serial, platform, healthy, last_updated, public_key, ip) VALUES(186, 'tommy.troen@nais.io', 'QLTDWMGK4Q', 'darwin', true, '2006-01-02T15:04:05.999999Z', 'QeiAm369oqvb5otmMEC0ELzo3T37knsYePKTpvLh+Ww=', '10.253.240.17');
INSERT INTO devices(id, username, serial, platform, healthy, last_updated, public_key, ip) VALUES(127, '', 'KH6HW5PF23', 'darwin', true, '2006-01-02T15:04:05.999999Z', 'QNmkEsXqKE3hrW+M0o0kS4CPO4zKSsoLxouNlqy6yBI=', '10.253.240.12');
INSERT INTO devices(id, username, serial, platform, healthy, last_updated, public_key, ip) VALUES(87, 'hans.flaatten@nais.io', 'CFHWVTJ6JK', 'darwin', true, '2006-01-02T15:04:05.999999Z', 'hkUesaVQUn2bFw+jKOmpYfh6VHZD4pjQSYq9y7IPKls=', '10.253.240.11');
INSERT INTO devices(id, username, serial, platform, healthy, last_updated, public_key, ip) VALUES(1, '', 'R90ZJSND', 'linux', true, '2006-01-02T15:04:05.999999Z', 'oSc7NEcxLzfFQ8MnvjLM6s33DystrP/POELHu4obQW8=', '10.253.240.2');
INSERT INTO devices(id, username, serial, platform, healthy, last_updated, public_key, ip) VALUES(317, 'kimt@nais.io', 'GXPWMTY2M5', 'darwin', true, '2006-01-02T15:04:05.999999Z', 'm0vfdIfVD5Biq/jUP+AanQ78P1VyP/IepGbVKmlEKQQ=', '10.253.240.21');
INSERT INTO devices(id, username, serial, platform, healthy, last_updated, public_key, ip) VALUES(139, 'vegar@nais.io', '7KF0SQ3', 'linux', true, '2006-01-02T15:04:05.999999Z', 'h79lTZZEx1Pf5LoyALQeQvGQAfDeJ4B0B9Hs1wkZw0A=', '10.253.240.13');
INSERT INTO devices(id, username, serial, platform, healthy, last_updated, public_key, ip) VALUES(17, 'roger.bjornstad@nais.io', 'QYDQVH62C5', 'darwin', true, '2006-01-02T15:04:05.999999Z', 'zfWcsAEHR6PVP1gdDOmCI83aom3rFhbqJOZsYTKELEw=', '10.253.240.6');
INSERT INTO devices(id, username, serial, platform, healthy, last_updated, public_key, ip) VALUES(145, 'christer.edvartsen@nais.io', 'C02X8192JG5J', 'darwin', true, '2006-01-02T15:04:05.999999Z', '9Iu0qvZ1VOxdvfBAG65nDMaAX7SHXWfD257XlzO90jI=', '10.253.240.14');
INSERT INTO devices(id, username, serial, platform, healthy, last_updated, public_key, ip) VALUES(36, '', 'R90ZJSNR', 'linux', true, '2006-01-02T15:04:05.999999Z', 'Ra9Mb8MkPeSWdQFJ+KBB+u7phsx+bMIg8vHBROUfxWQ=', '10.253.240.8');
INSERT INTO devices(id, username, serial, platform, healthy, last_updated, public_key, ip) VALUES(172, 'sindre.rodseth.hansen@nais.io', 'N52L3XNHJP', 'darwin', true, '2006-01-02T15:04:05.999999Z', '4Ujm/EuZY147zTcHxh0KkyMqmaZLQJ+ri/0Ipsgb038=', '10.253.240.16');
INSERT INTO devices(id, username, serial, platform, healthy, last_updated, public_key, ip) VALUES(79, 'johnny@nais.io', 'C02CX3XMML85', 'darwin', true, '2006-01-02T15:04:05.999999Z', 'updYsKtLVQI9FlwHBfEJTwOz8aqeDwjvVefyM1IdAV4=', '10.253.240.10');
INSERT INTO devices(id, username, serial, platform, healthy, last_updated, public_key, ip) VALUES(8, 'thomas@nais.io', 'R91188C2', 'linux', true, '2006-01-02T15:04:05.999999Z', 'T4PRQV2GxGatH2g1SbxRJyKcaKTWXaV4alSoWMuN3SI=', '10.253.240.4');
INSERT INTO devices(id, username, serial, platform, healthy, last_updated, public_key, ip) VALUES(147, '', 'C02YH181JGH6', 'darwin', true, '2006-01-02T15:04:05.999999Z', 'HWuGX4+exWxPdYb+xbPxN8LfoBzTqYs6HQKXQ5Cmv0c=', '10.253.240.15');
INSERT INTO devices(id, username, serial, platform, healthy, last_updated, public_key, ip) VALUES(519, 'trong@nais.io', 'JW99Y421JJ', 'darwin', true, '2006-01-02T15:04:05.999999Z', 'n6rN64zQVbvW8lZAXkCNdqRP9X7JtFnwKu65+o1UuTY=', '10.253.240.24');
INSERT INTO devices(id, username, serial, platform, healthy, last_updated, public_key, ip) VALUES(225, '', 'C02DV462MD6T', 'darwin', true, '2006-01-02T15:04:05.999999Z', 'X8+DNryXsKOwgzM78HgztFcO9O0AEsASK66DAabAr38=', '10.253.240.18');
INSERT INTO devices(id, username, serial, platform, healthy, last_updated, public_key, ip) VALUES(301, 'trong@nais.io', 'C02DV45ZMD6T', 'darwin', true, '2006-01-02T15:04:05.999999Z', 'zrBVmYxAbcuc9mlZz0qWBaC14uVEwEcOrgBGtNKLPmM=', '10.253.240.20');
INSERT INTO devices(id, username, serial, platform, healthy, last_updated, public_key, ip) VALUES(448, 'kyrre@nais.io', 'XFFRWQ7HGT', 'darwin', true, '2006-01-02T15:04:05.999999Z', 'Pi+q+yconpo1lubsWSe1AX8b+QYPFkL3edUl7bRjVEA=', '10.253.240.22');
INSERT INTO devices(id, username, serial, platform, healthy, last_updated, public_key, ip) VALUES(525, 'youssef.bel.mekki@nais.io', 'L0J1Q7GYV9', 'darwin', true, '2006-01-02T15:04:05.999999Z', '5uokwFQDZU/GyqkC2VTCyng+tHGzwD281PFM258q6lI=', '10.253.240.25');
INSERT INTO devices(id, username, serial, platform, healthy, last_updated, public_key, ip) VALUES(526, 'johnny@nais.io', 'Y662JN3X9R', 'darwin', true, '2006-01-02T15:04:05.999999Z', 'hQuXxhao/f/ta40+OAJo7UuHhLs5ay5Re23iKSfpE18=', '10.253.240.26');
INSERT INTO devices(id, username, serial, platform, healthy, last_updated, public_key, ip) VALUES(527, 'kent@nais.io', 'R9137KNW', 'linux', true, '2006-01-02T15:04:05.999999Z', 'Vd7pFjSb69lItyQrjvEs71divLh2u4KjUDPvMpFhyHk=', '10.253.240.27');
INSERT INTO devices(id, username, serial, platform, healthy, last_updated, public_key, ip) VALUES(76, 'frode.sundby@nais.io', 'CQHK7M3WPJ', 'darwin', true, '2006-01-02T15:04:05.999999Z', '47M5Q8jDeF5/222M98TzXPAxaHPWWZ+eTpwulF/wBkw=', '10.253.240.9');
INSERT INTO devices(id, username, serial, platform, healthy, last_updated, public_key, ip) VALUES(529, 'carl@nais.io', 'FPYQTKJTHM', 'darwin', true, '2006-01-02T15:04:05.999999Z', 'gLB8X02JL179/Q1NLYzuTQZ01JBohJaNoMahZ8PcGww=', '10.253.240.28');
INSERT INTO devices(id, username, serial, platform, healthy, last_updated, public_key, ip) VALUES(453, 'jk@nais.io', 'Q6H46GY7V4', 'darwin', true, '2006-01-02T15:04:05.999999Z', 'HC2rIE+1nSAtfhsqiQf5BS/kguMUQWsY8F8JQUL23TQ=', '10.253.240.23');
INSERT INTO devices(id, username, serial, platform, healthy, last_updated, public_key, ip) VALUES(291, 'sten@nais.io', 'C02DV464MD6T', 'darwin', true, '2006-01-02T15:04:05.999999Z', 'bRvbT9gb5DcFrpHIAazfepkH2u7mOVgDcZKY9OneVUA=', '10.253.240.19');
INSERT INTO devices(id, username, serial, platform, healthy, last_updated, public_key, ip) VALUES(533, 'morten@nais.io', 'R91022BE', 'linux', true, '2006-01-02T15:04:05.999999Z', 'nRLk15EZ15fmvqtU+PXK21jjSSUvLeqFVcZ/hjBSoTE=', '10.253.240.29');
INSERT INTO devices(id, username, serial, platform, healthy, last_updated, public_key, ip) VALUES(534, 'vegar@nais.io', 'PF4AV6XE', 'linux', true, '2006-01-02T15:04:05.999999Z', '9kli4NHHwReh7z52KoPQHLSU94xaVE9Yh77gAFikBwE=', '10.253.240.30');
INSERT INTO devices(id, username, serial, platform, healthy, last_updated, public_key, ip) VALUES(535, 'vegar@nais.io', 'PF4F7JBH', 'linux', true, '2006-01-02T15:04:05.999999Z', 'JcW0eV0z4meSiDJGdn2avL5qNG1/c0Q16Yeed0+GL24=', '10.253.240.31');
INSERT INTO devices(id, username, serial, platform, healthy, last_updated, public_key, ip) VALUES(536, 'christer.edvartsen@nais.io', 'GM04QD5N', 'linux', true, '2006-01-02T15:04:05.999999Z', 'tyVlOAX7R9FhmZriW5Y2Xq+kIWcDH0ra033tGpBID3Q=', '10.253.240.32');
INSERT INTO gateways(name, endpoint, public_key, ip, requires_privileged_access, password_hash) VALUES('nais-io', '34.88.225.124:51820', '88BsNah5wSC5tLMipTflSc14NItnHA0kCf/fEECehF0=', '10.253.240.3', false, '$1$xogYsqu4bvyyjoB+z6g9WA==$YmbxW3lFnW7z54eQroPHhY8K5J8N1pyKqS8CO2q/2vfYPzHwtIE7Co9bE6q7rTKPI4VRb4Y6og/FSUCwK8b6XQ==');
INSERT INTO gateway_routes(gateway_name, route) VALUES('nais-io', '172.16.0.2');
INSERT INTO gateway_routes(gateway_name, route) VALUES('nais-io', '34.111.218.136');
INSERT INTO gateway_routes(gateway_name, route) VALUES('nais-io', '34.120.120.6');
INSERT INTO gateway_access_group_ids(gateway_name, group_id) VALUES('nais-io', 'allUsers');
INSERT INTO sessions(key, expiry, device_id, object_id) VALUES('nbOpS4NtC028pFoOk5dT', '2022-03-30T19:17:13.903293Z', 1, '112817585282727384553');
INSERT INTO session_access_group_ids(session_key, group_id) VALUES('nbOpS4NtC028pFoOk5dT', 'allUsers');
INSERT INTO sessions(key, expiry, device_id, object_id) VALUES('mo0sBzTNSmIvKe5NSh6e', '2022-03-30T19:20:48.402142Z', 1, '112817585282727384553');
INSERT INTO session_access_group_ids(session_key, group_id) VALUES('mo0sBzTNSmIvKe5NSh6e', 'allUsers');
INSERT INTO sessions(key, expiry, device_id, object_id) VALUES('60vJQwGtzauLwxCCznKT', '2022-04-07T02:34:15.555627Z', 1, '112817585282727384553');
INSERT INTO session_access_group_ids(session_key, group_id) VALUES('60vJQwGtzauLwxCCznKT', 'allUsers');
INSERT INTO sessions(key, expiry, device_id, object_id) VALUES('uud1Oc1O9v5j9FPQoXoN', '2022-04-07T02:41:14.775414Z', 1, '112817585282727384553');
INSERT INTO session_access_group_ids(session_key, group_id) VALUES('uud1Oc1O9v5j9FPQoXoN', 'allUsers');
INSERT INTO sessions(key, expiry, device_id, object_id) VALUES('EPKQszbS3mE7UnEwAjfZ', '2022-04-28T22:56:23.155991Z', 8, '100985683022959439933');
INSERT INTO session_access_group_ids(session_key, group_id) VALUES('EPKQszbS3mE7UnEwAjfZ', 'allUsers');
INSERT INTO sessions(key, expiry, device_id, object_id) VALUES('5JOgPjtkBCjsgWtVjMR1', '2022-04-28T22:57:07.916923Z', 8, '100985683022959439933');
INSERT INTO session_access_group_ids(session_key, group_id) VALUES('5JOgPjtkBCjsgWtVjMR1', 'allUsers');
INSERT INTO sessions(key, expiry, device_id, object_id) VALUES('QXZjonr2Jxh0aYyegTKl', '2022-04-28T23:23:25.405656Z', 8, '100985683022959439933');
INSERT INTO session_access_group_ids(session_key, group_id) VALUES('QXZjonr2Jxh0aYyegTKl', 'allUsers');
INSERT INTO sessions(key, expiry, device_id, object_id) VALUES('itFVLZo4rtVpxTb1NI0o', '2022-04-28T23:29:07.971533Z', 8, '100985683022959439933');
INSERT INTO session_access_group_ids(session_key, group_id) VALUES('itFVLZo4rtVpxTb1NI0o', 'allUsers');
INSERT INTO sessions(key, expiry, device_id, object_id) VALUES('W1t6AZMVwmRXYPt0j6XR', '2022-04-29T16:34:23.755128Z', 11, '100991410869791331471');
INSERT INTO session_access_group_ids(session_key, group_id) VALUES('W1t6AZMVwmRXYPt0j6XR', 'allUsers');
INSERT INTO sessions(key, expiry, device_id, object_id) VALUES('6QjgR1jaqv6qBtBLkrHt', '2022-04-29T18:20:14.911941Z', 11, '100991410869791331471');
INSERT INTO session_access_group_ids(session_key, group_id) VALUES('6QjgR1jaqv6qBtBLkrHt', 'allUsers');
INSERT INTO sessions(key, expiry, device_id, object_id) VALUES('TZbIwTCenrpkH6YVxmaW', '2022-05-05T20:15:47.351991Z', 8, '100985683022959439933');
INSERT INTO session_access_group_ids(session_key, group_id) VALUES('TZbIwTCenrpkH6YVxmaW', 'allUsers');
INSERT INTO sessions(key, expiry, device_id, object_id) VALUES('poYTUNqOirPAmZnr9V2V', '2022-05-05T21:56:24.33184Z', 8, '100985683022959439933');
INSERT INTO session_access_group_ids(session_key, group_id) VALUES('poYTUNqOirPAmZnr9V2V', 'allUsers');
INSERT INTO sessions(key, expiry, device_id, object_id) VALUES('Aquu6TgGzkpIslz97W1d', '2022-05-06T17:29:30.808336Z', 11, '100991410869791331471');
INSERT INTO session_access_group_ids(session_key, group_id) VALUES('Aquu6TgGzkpIslz97W1d', 'allUsers');
INSERT INTO sessions(key, expiry, device_id, object_id) VALUES('g2AObdK4pGdAaig0rihh', '2022-05-06T18:32:14.312812Z', 8, '100985683022959439933');
INSERT INTO session_access_group_ids(session_key, group_id) VALUES('g2AObdK4pGdAaig0rihh', 'allUsers');
INSERT INTO sessions(key, expiry, device_id, object_id) VALUES('3mA90qVHvxC12KzeQnqb', '2022-05-06T21:27:54.666188Z', 17, '104769902177610122748');
INSERT INTO session_access_group_ids(session_key, group_id) VALUES('3mA90qVHvxC12KzeQnqb', 'allUsers');
INSERT INTO sessions(key, expiry, device_id, object_id) VALUES('b5NbhVKKx5y8T8klsaop', '2022-05-06T21:27:54.69461Z', 17, '104769902177610122748');
INSERT INTO session_access_group_ids(session_key, group_id) VALUES('b5NbhVKKx5y8T8klsaop', 'allUsers');
INSERT INTO sessions(key, expiry, device_id, object_id) VALUES('xmrgGq3rj7oO3IXU8mZ6', '2022-05-06T21:34:48.533341Z', 8, '100985683022959439933');
INSERT INTO session_access_group_ids(session_key, group_id) VALUES('xmrgGq3rj7oO3IXU8mZ6', 'allUsers');
INSERT INTO sessions(key, expiry, device_id, object_id) VALUES('TuQqqRSuNdVUoIiUt9ui', '2022-05-09T17:21:22.511333Z', 11, '100991410869791331471');
INSERT INTO session_access_group_ids(session_key, group_id) VALUES('TuQqqRSuNdVUoIiUt9ui', 'allUsers');
INSERT INTO sessions(key, expiry, device_id, object_id) VALUES('3JJvCpP9Rq36UnqjYdUd', '2022-05-09T18:01:53.296752Z', 11, '100991410869791331471');
INSERT INTO session_access_group_ids(session_key, group_id) VALUES('3JJvCpP9Rq36UnqjYdUd', 'allUsers');
INSERT INTO sessions(key, expiry, device_id, object_id) VALUES('k3HLvKeDH1MoOWYR1Dw5', '2022-05-10T21:46:24.922128Z', 20, '112665949801795306885');
INSERT INTO session_access_group_ids(session_key, group_id) VALUES('k3HLvKeDH1MoOWYR1Dw5', 'allUsers');
INSERT INTO sessions(key, expiry, device_id, object_id) VALUES('Q39S1WnN5sr9gRoVAtUU', '2022-05-10T21:51:22.444457Z', 8, '100985683022959439933');
INSERT INTO session_access_group_ids(session_key, group_id) VALUES('Q39S1WnN5sr9gRoVAtUU', 'allUsers');
INSERT INTO sessions(key, expiry, device_id, object_id) VALUES('8c6YP0hIyNneheVD1hfp', '2022-05-11T22:13:51.447956Z', 8, '100985683022959439933');
INSERT INTO session_access_group_ids(session_key, group_id) VALUES('8c6YP0hIyNneheVD1hfp', 'allUsers');
INSERT INTO sessions(key, expiry, device_id, object_id) VALUES('BWu0kR3s8bEG8B0Gum8e', '2022-05-19T20:04:10.153449Z', 8, '100985683022959439933');
INSERT INTO session_access_group_ids(session_key, group_id) VALUES('BWu0kR3s8bEG8B0Gum8e', 'allUsers');
INSERT INTO sessions(key, expiry, device_id, object_id) VALUES('MhpLwHPi2a4C56SLynLW', '2022-05-20T20:41:32.721003Z', 8, '100985683022959439933');
INSERT INTO session_access_group_ids(session_key, group_id) VALUES('MhpLwHPi2a4C56SLynLW', 'allUsers');
INSERT INTO sessions(key, expiry, device_id, object_id) VALUES('sIoAR2K0BQTySKHuOlTO', '2022-05-23T17:34:48.973281Z', 8, '100985683022959439933');
INSERT INTO session_access_group_ids(session_key, group_id) VALUES('sIoAR2K0BQTySKHuOlTO', 'allUsers');
INSERT INTO sessions(key, expiry, device_id, object_id) VALUES('1h4xplrsnPQmnfo9LOdB', '2022-05-24T00:02:14.286906Z', 8, '100985683022959439933');
INSERT INTO session_access_group_ids(session_key, group_id) VALUES('1h4xplrsnPQmnfo9LOdB', 'allUsers');
INSERT INTO sessions(key, expiry, device_id, object_id) VALUES('7NZ4l6KtpPryLTLZt42w', '2022-05-24T00:21:11.814974Z', 8, '100985683022959439933');
INSERT INTO session_access_group_ids(session_key, group_id) VALUES('7NZ4l6KtpPryLTLZt42w', 'allUsers');
INSERT INTO sessions(key, expiry, device_id, object_id) VALUES('KvV2xvdIFCnCDlBEVozJ', '2022-05-31T21:46:38.147498Z', 11, '100991410869791331471');
INSERT INTO session_access_group_ids(session_key, group_id) VALUES('KvV2xvdIFCnCDlBEVozJ', 'allUsers');
INSERT INTO sessions(key, expiry, device_id, object_id) VALUES('9h2AmvDqJTqM0sOa6JXx', '2022-05-31T21:51:19.104033Z', 8, '100985683022959439933');
INSERT INTO session_access_group_ids(session_key, group_id) VALUES('9h2AmvDqJTqM0sOa6JXx', 'allUsers');
INSERT INTO sessions(key, expiry, device_id, object_id) VALUES('KWtFaoxwUnmXOUC92IkR', '2022-05-31T22:41:02.510325Z', 11, '100991410869791331471');
INSERT INTO session_access_group_ids(session_key, group_id) VALUES('KWtFaoxwUnmXOUC92IkR', 'allUsers');
INSERT INTO sessions(key, expiry, device_id, object_id) VALUES('LK3g3ZkFg1AaRnc6slr5', '2022-06-01T17:59:59.451226Z', 11, '100991410869791331471');
INSERT INTO session_access_group_ids(session_key, group_id) VALUES('LK3g3ZkFg1AaRnc6slr5', 'allUsers');
INSERT INTO sessions(key, expiry, device_id, object_id) VALUES('oYlbbG0NQAbVhsyUR5F5', '2022-06-01T20:33:46.258888Z', 8, '100985683022959439933');
INSERT INTO session_access_group_ids(session_key, group_id) VALUES('oYlbbG0NQAbVhsyUR5F5', 'allUsers');
INSERT INTO sessions(key, expiry, device_id, object_id) VALUES('FddaFqO00TXR6p7FTOt9', '2022-06-02T17:36:10.037962Z', 8, '100985683022959439933');
INSERT INTO session_access_group_ids(session_key, group_id) VALUES('FddaFqO00TXR6p7FTOt9', 'allUsers');
INSERT INTO sessions(key, expiry, device_id, object_id) VALUES('rE35bL6TFs6Q3i5Oiq03', '2022-06-02T18:26:14.63439Z', 11, '100991410869791331471');
INSERT INTO session_access_group_ids(session_key, group_id) VALUES('rE35bL6TFs6Q3i5Oiq03', 'allUsers');
INSERT INTO sessions(key, expiry, device_id, object_id) VALUES('BtwZXQ4Y9KasdU7wKn2n', '2022-06-02T18:38:51.887708Z', 8, '100985683022959439933');
INSERT INTO session_access_group_ids(session_key, group_id) VALUES('BtwZXQ4Y9KasdU7wKn2n', 'allUsers');
INSERT INTO sessions(key, expiry, device_id, object_id) VALUES('3EaQVnxfEU0zuQuvQL21', '2022-06-02T18:40:03.09854Z', 36, '100879755476735167677');
INSERT INTO session_access_group_ids(session_key, group_id) VALUES('3EaQVnxfEU0zuQuvQL21', 'allUsers');
INSERT INTO sessions(key, expiry, device_id, object_id) VALUES('ntmRYP1jFg5voLTR5NS5', '2022-06-03T18:41:23.214505Z', 11, '100991410869791331471');
INSERT INTO session_access_group_ids(session_key, group_id) VALUES('ntmRYP1jFg5voLTR5NS5', 'allUsers');
INSERT INTO sessions(key, expiry, device_id, object_id) VALUES('TEgrqI156W2IcbohyQXW', '2022-06-03T18:43:15.969185Z', 8, '100985683022959439933');
INSERT INTO session_access_group_ids(session_key, group_id) VALUES('TEgrqI156W2IcbohyQXW', 'allUsers');
INSERT INTO sessions(key, expiry, device_id, object_id) VALUES('Mr8DAjF770PsvFnJZYhx', '2022-06-07T18:40:18.87173Z', 11, '100991410869791331471');
INSERT INTO session_access_group_ids(session_key, group_id) VALUES('Mr8DAjF770PsvFnJZYhx', 'allUsers');
INSERT INTO sessions(key, expiry, device_id, object_id) VALUES('iyyFnulCcuLrKrx3nnn8', '2022-06-07T23:50:28.934785Z', 11, '100991410869791331471');
INSERT INTO session_access_group_ids(session_key, group_id) VALUES('iyyFnulCcuLrKrx3nnn8', 'allUsers');
INSERT INTO sessions(key, expiry, device_id, object_id) VALUES('4zvRlItr14T6nOS7Cp91', '2022-06-08T17:08:40.972815Z', 11, '100991410869791331471');
INSERT INTO session_access_group_ids(session_key, group_id) VALUES('4zvRlItr14T6nOS7Cp91', 'allUsers');
INSERT INTO sessions(key, expiry, device_id, object_id) VALUES('5qbNEjQ85jVR7ozHgVSc', '2022-06-08T17:36:05.669278Z', 8, '100985683022959439933');
INSERT INTO session_access_group_ids(session_key, group_id) VALUES('5qbNEjQ85jVR7ozHgVSc', 'allUsers');
INSERT INTO sessions(key, expiry, device_id, object_id) VALUES('KVIypdjN3Ez8gZmmtxa1', '2022-06-08T17:47:08.087937Z', 17, '104769902177610122748');
INSERT INTO session_access_group_ids(session_key, group_id) VALUES('KVIypdjN3Ez8gZmmtxa1', 'allUsers');
INSERT INTO sessions(key, expiry, device_id, object_id) VALUES('okhSymGHkfkVScfF5F7t', '2022-06-08T22:05:17.233417Z', 17, '104769902177610122748');
INSERT INTO session_access_group_ids(session_key, group_id) VALUES('okhSymGHkfkVScfF5F7t', 'allUsers');
INSERT INTO sessions(key, expiry, device_id, object_id) VALUES('6vyWNH9pLmEdcIqX291q', '2022-06-08T22:06:52.867797Z', 17, '104769902177610122748');
INSERT INTO session_access_group_ids(session_key, group_id) VALUES('6vyWNH9pLmEdcIqX291q', 'allUsers');
INSERT INTO sessions(key, expiry, device_id, object_id) VALUES('C16Rsyy9Gh0jgBHKtKdK', '2022-06-08T23:22:26.599963Z', 8, '100985683022959439933');
INSERT INTO session_access_group_ids(session_key, group_id) VALUES('C16Rsyy9Gh0jgBHKtKdK', 'allUsers');
INSERT INTO sessions(key, expiry, device_id, object_id) VALUES('MdA6R9aetLEkLwjoTIEZ', '2022-06-09T17:13:41.231512Z', 8, '100985683022959439933');
INSERT INTO session_access_group_ids(session_key, group_id) VALUES('MdA6R9aetLEkLwjoTIEZ', 'allUsers');
INSERT INTO sessions(key, expiry, device_id, object_id) VALUES('1K4F6tvQKsrY24yin6Qx', '2022-06-09T17:42:11.99303Z', 17, '104769902177610122748');
INSERT INTO session_access_group_ids(session_key, group_id) VALUES('1K4F6tvQKsrY24yin6Qx', 'allUsers');
INSERT INTO sessions(key, expiry, device_id, object_id) VALUES('F5k7nqXaYR9ufEWxX3qQ', '2022-06-09T17:42:30.779917Z', 17, '104769902177610122748');
INSERT INTO session_access_group_ids(session_key, group_id) VALUES('F5k7nqXaYR9ufEWxX3qQ', 'allUsers');
INSERT INTO sessions(key, expiry, device_id, object_id) VALUES('46RCdss2qvypJzUECPaw', '2022-06-09T23:26:46.3438Z', 11, '100991410869791331471');
INSERT INTO session_access_group_ids(session_key, group_id) VALUES('46RCdss2qvypJzUECPaw', 'allUsers');
INSERT INTO sessions(key, expiry, device_id, object_id) VALUES('tOC7cdaZy3BWFCo4palq', '2022-06-10T17:03:17.762981Z', 8, '100985683022959439933');
INSERT INTO session_access_group_ids(session_key, group_id) VALUES('tOC7cdaZy3BWFCo4palq', 'allUsers');
INSERT INTO sessions(key, expiry, device_id, object_id) VALUES('J5mFWwC69jgZmaTLd2vH', '2022-06-10T19:01:28.944164Z', 8, '100985683022959439933');
INSERT INTO session_access_group_ids(session_key, group_id) VALUES('J5mFWwC69jgZmaTLd2vH', 'allUsers');
INSERT INTO sessions(key, expiry, device_id, object_id) VALUES('D3MnbMcgAwhxYlHOUbhe', '2022-06-10T19:29:07.674496Z', 8, '100985683022959439933');
INSERT INTO session_access_group_ids(session_key, group_id) VALUES('D3MnbMcgAwhxYlHOUbhe', 'allUsers');
INSERT INTO sessions(key, expiry, device_id, object_id) VALUES('DGX0FDLT5kzTF7i7ugpW', '2022-06-10T22:10:57.552882Z', 11, '100991410869791331471');
INSERT INTO session_access_group_ids(session_key, group_id) VALUES('DGX0FDLT5kzTF7i7ugpW', 'allUsers');
INSERT INTO sessions(key, expiry, device_id, object_id) VALUES('9sGvGpfyscnJPKU0sFAR', '2022-06-14T17:27:04.414691Z', 20, '112665949801795306885');
INSERT INTO session_access_group_ids(session_key, group_id) VALUES('9sGvGpfyscnJPKU0sFAR', 'allUsers');
INSERT INTO sessions(key, expiry, device_id, object_id) VALUES('jDSTtCo6fYwgsr3N8rem', '2022-06-14T18:55:55.239848Z', 8, '100985683022959439933');
INSERT INTO session_access_group_ids(session_key, group_id) VALUES('jDSTtCo6fYwgsr3N8rem', 'allUsers');
INSERT INTO sessions(key, expiry, device_id, object_id) VALUES('avwJiDlHmn8yVkwum1Ic', '2022-06-15T17:01:53.408651Z', 11, '100991410869791331471');
INSERT INTO session_access_group_ids(session_key, group_id) VALUES('avwJiDlHmn8yVkwum1Ic', 'allUsers');
INSERT INTO sessions(key, expiry, device_id, object_id) VALUES('U0CwIt5UhlOZ9otOxy8s', '2022-06-15T17:37:14.363547Z', 11, '100991410869791331471');
INSERT INTO session_access_group_ids(session_key, group_id) VALUES('U0CwIt5UhlOZ9otOxy8s', 'allUsers');
INSERT INTO sessions(key, expiry, device_id, object_id) VALUES('TBNwPCCKX4LKEFTS5cW9', '2022-06-15T22:25:11.842186Z', 11, '100991410869791331471');
INSERT INTO session_access_group_ids(session_key, group_id) VALUES('TBNwPCCKX4LKEFTS5cW9', 'allUsers');
INSERT INTO sessions(key, expiry, device_id, object_id) VALUES('2QCZMZnHlftgPu1q20N8', '2022-06-16T21:52:39.762079Z', 11, '100991410869791331471');
INSERT INTO session_access_group_ids(session_key, group_id) VALUES('2QCZMZnHlftgPu1q20N8', 'allUsers');
INSERT INTO sessions(key, expiry, device_id, object_id) VALUES('HDDhaW6hqQycmZU8NW7H', '2022-06-17T22:28:21.814417Z', 11, '100991410869791331471');
INSERT INTO session_access_group_ids(session_key, group_id) VALUES('HDDhaW6hqQycmZU8NW7H', 'allUsers');
INSERT INTO sessions(key, expiry, device_id, object_id) VALUES('pRtJdphpWglzrvH0Tacm', '2022-06-23T20:40:02.112455Z', 8, '100985683022959439933');
INSERT INTO session_access_group_ids(session_key, group_id) VALUES('pRtJdphpWglzrvH0Tacm', 'allUsers');
INSERT INTO sessions(key, expiry, device_id, object_id) VALUES('6bS9bDqC2l0TX2kkgVba', '2022-06-27T21:23:11.17785Z', 8, '100985683022959439933');
INSERT INTO session_access_group_ids(session_key, group_id) VALUES('6bS9bDqC2l0TX2kkgVba', 'allUsers');
INSERT INTO sessions(key, expiry, device_id, object_id) VALUES('Q0eaVz9FnjzShksjIuNz', '2022-06-27T22:07:49.603209Z', 8, '100985683022959439933');
INSERT INTO session_access_group_ids(session_key, group_id) VALUES('Q0eaVz9FnjzShksjIuNz', 'allUsers');
INSERT INTO sessions(key, expiry, device_id, object_id) VALUES('4EzP4eQ1utdMmUSVbQ4T', '2022-06-28T18:21:32.793175Z', 8, '100985683022959439933');
INSERT INTO session_access_group_ids(session_key, group_id) VALUES('4EzP4eQ1utdMmUSVbQ4T', 'allUsers');
INSERT INTO sessions(key, expiry, device_id, object_id) VALUES('vb4etCnyBF93cqTFWS4P', '2022-06-29T17:05:38.203816Z', 8, '100985683022959439933');
INSERT INTO session_access_group_ids(session_key, group_id) VALUES('vb4etCnyBF93cqTFWS4P', 'allUsers');
INSERT INTO sessions(key, expiry, device_id, object_id) VALUES('vlP7ptaW9ZFAgJemOCFx', '2022-06-29T21:12:25.944957Z', 36, '100879755476735167677');
INSERT INTO session_access_group_ids(session_key, group_id) VALUES('vlP7ptaW9ZFAgJemOCFx', 'allUsers');
INSERT INTO sessions(key, expiry, device_id, object_id) VALUES('qGjZdeCKKYiK3x4cPoiL', '2022-06-29T21:16:21.43042Z', 36, '100879755476735167677');
INSERT INTO session_access_group_ids(session_key, group_id) VALUES('qGjZdeCKKYiK3x4cPoiL', 'allUsers');
INSERT INTO sessions(key, expiry, device_id, object_id) VALUES('07RS36yt8P8tYYHHPA4Z', '2022-06-29T21:18:01.562978Z', 8, '100985683022959439933');
INSERT INTO session_access_group_ids(session_key, group_id) VALUES('07RS36yt8P8tYYHHPA4Z', 'allUsers');
INSERT INTO sessions(key, expiry, device_id, object_id) VALUES('8NjsxgwHqj1RC1j1DQNc', '2022-06-29T22:46:41.517555Z', 36, '100879755476735167677');
INSERT INTO session_access_group_ids(session_key, group_id) VALUES('8NjsxgwHqj1RC1j1DQNc', 'allUsers');
INSERT INTO sessions(key, expiry, device_id, object_id) VALUES('ICsGEuosieQPXYFHItaq', '2022-06-30T04:45:23.969533Z', 36, '100879755476735167677');
INSERT INTO session_access_group_ids(session_key, group_id) VALUES('ICsGEuosieQPXYFHItaq', 'allUsers');
INSERT INTO sessions(key, expiry, device_id, object_id) VALUES('uc49Bcqsxy3IuYgziWL8', '2022-06-30T04:47:29.61339Z', 36, '100879755476735167677');
INSERT INTO session_access_group_ids(session_key, group_id) VALUES('uc49Bcqsxy3IuYgziWL8', 'allUsers');
INSERT INTO sessions(key, expiry, device_id, object_id) VALUES('t9jue9dGpubswuetAlek', '2022-06-30T18:26:47.411986Z', 8, '100985683022959439933');
INSERT INTO session_access_group_ids(session_key, group_id) VALUES('t9jue9dGpubswuetAlek', 'allUsers');
INSERT INTO sessions(key, expiry, device_id, object_id) VALUES('RkK7n5XZBbWV5PgmPFyp', '2022-06-30T21:55:18.778905Z', 8, '100985683022959439933');
INSERT INTO session_access_group_ids(session_key, group_id) VALUES('RkK7n5XZBbWV5PgmPFyp', 'allUsers');
INSERT INTO sessions(key, expiry, device_id, object_id) VALUES('OiJ4tBJOytywG0B5R69T', '2022-07-05T20:30:20.499176Z', 8, '100985683022959439933');
INSERT INTO session_access_group_ids(session_key, group_id) VALUES('OiJ4tBJOytywG0B5R69T', 'allUsers');
INSERT INTO sessions(key, expiry, device_id, object_id) VALUES('tnKN7n50kq26zM10Gj2S', '2022-07-28T18:30:24.780483Z', 76, '100991410869791331471');
INSERT INTO session_access_group_ids(session_key, group_id) VALUES('tnKN7n50kq26zM10Gj2S', 'allUsers');
INSERT INTO sessions(key, expiry, device_id, object_id) VALUES('ZPdZDsW17FFFOR1Bxh2m', '2022-08-01T18:18:53.879252Z', 76, '100991410869791331471');
INSERT INTO session_access_group_ids(session_key, group_id) VALUES('ZPdZDsW17FFFOR1Bxh2m', 'allUsers');
INSERT INTO sessions(key, expiry, device_id, object_id) VALUES('pL3CC3DKdzrmmONtORec', '2022-08-01T18:24:50.440779Z', 76, '100991410869791331471');
INSERT INTO session_access_group_ids(session_key, group_id) VALUES('pL3CC3DKdzrmmONtORec', 'allUsers');
INSERT INTO sessions(key, expiry, device_id, object_id) VALUES('61gILOXJY8RJyGq2zb5g', '2022-08-01T18:34:32.720918Z', 79, '118030630721247338647');
INSERT INTO session_access_group_ids(session_key, group_id) VALUES('61gILOXJY8RJyGq2zb5g', 'allUsers');
INSERT INTO sessions(key, expiry, device_id, object_id) VALUES('4gVmuWn1Xvpo1ykAeGSP', '2022-08-01T18:39:20.019382Z', 79, '118030630721247338647');
INSERT INTO session_access_group_ids(session_key, group_id) VALUES('4gVmuWn1Xvpo1ykAeGSP', 'allUsers');
INSERT INTO sessions(key, expiry, device_id, object_id) VALUES('Uabi4bwaV8eUxId6unug', '2022-08-01T18:39:48.00522Z', 79, '118030630721247338647');
INSERT INTO session_access_group_ids(session_key, group_id) VALUES('Uabi4bwaV8eUxId6unug', 'allUsers');
INSERT INTO sessions(key, expiry, device_id, object_id) VALUES('7bi4lY8Nd6hwa6lrCaXh', '2022-08-01T18:39:59.253134Z', 76, '100991410869791331471');
INSERT INTO session_access_group_ids(session_key, group_id) VALUES('7bi4lY8Nd6hwa6lrCaXh', 'allUsers');
INSERT INTO sessions(key, expiry, device_id, object_id) VALUES('Wm401DAsMyqAPk8xwcYP', '2022-08-01T18:43:54.276458Z', 8, '100985683022959439933');
INSERT INTO session_access_group_ids(session_key, group_id) VALUES('Wm401DAsMyqAPk8xwcYP', 'allUsers');
INSERT INTO sessions(key, expiry, device_id, object_id) VALUES('j9Oi8XhxrbhQQzOTHWQ3', '2022-08-01T18:48:17.748927Z', 8, '100985683022959439933');
INSERT INTO session_access_group_ids(session_key, group_id) VALUES('j9Oi8XhxrbhQQzOTHWQ3', 'allUsers');
INSERT INTO sessions(key, expiry, device_id, object_id) VALUES('hgjDEk5VHnzycTvpxOaz', '2022-08-01T19:01:02.924911Z', 8, '100985683022959439933');
INSERT INTO session_access_group_ids(session_key, group_id) VALUES('hgjDEk5VHnzycTvpxOaz', 'allUsers');
INSERT INTO sessions(key, expiry, device_id, object_id) VALUES('iWSP2VJdHJGLvXmqR2F5', '2022-08-01T20:52:24.824586Z', 8, '100985683022959439933');
INSERT INTO session_access_group_ids(session_key, group_id) VALUES('iWSP2VJdHJGLvXmqR2F5', 'allUsers');
INSERT INTO sessions(key, expiry, device_id, object_id) VALUES('ATpWyaHDYSFFbKenpNxY', '2022-08-01T20:53:38.74433Z', 79, '118030630721247338647');
INSERT INTO session_access_group_ids(session_key, group_id) VALUES('ATpWyaHDYSFFbKenpNxY', 'allUsers');
INSERT INTO sessions(key, expiry, device_id, object_id) VALUES('JvkrzQpvqHKUmStHF8AV', '2022-08-01T21:53:43.326223Z', 17, '104769902177610122748');
INSERT INTO session_access_group_ids(session_key, group_id) VALUES('JvkrzQpvqHKUmStHF8AV', 'allUsers');
INSERT INTO sessions(key, expiry, device_id, object_id) VALUES('Xda1WH4R7skesLGcLL8N', '2022-08-01T22:14:54.997794Z', 87, '112867350575431171492');
INSERT INTO session_access_group_ids(session_key, group_id) VALUES('Xda1WH4R7skesLGcLL8N', 'allUsers');
INSERT INTO sessions(key, expiry, device_id, object_id) VALUES('gUK4Ok70H976RdFOt9gq', '2022-08-01T22:33:29.493749Z', 17, '104769902177610122748');
INSERT INTO session_access_group_ids(session_key, group_id) VALUES('gUK4Ok70H976RdFOt9gq', 'allUsers');
INSERT INTO sessions(key, expiry, device_id, object_id) VALUES('12i9xLbR6pKdapef8uux', '2022-08-02T01:28:28.311741Z', 87, '112867350575431171492');
INSERT INTO session_access_group_ids(session_key, group_id) VALUES('12i9xLbR6pKdapef8uux', 'allUsers');
INSERT INTO sessions(key, expiry, device_id, object_id) VALUES('4313emkSU9GLj4Q9MsOn', '2022-08-02T16:59:17.77213Z', 17, '104769902177610122748');
INSERT INTO session_access_group_ids(session_key, group_id) VALUES('4313emkSU9GLj4Q9MsOn', 'allUsers');
INSERT INTO sessions(key, expiry, device_id, object_id) VALUES('0klGWy5E4189lyKCVOtA', '2022-08-02T20:55:52.139629Z', 76, '100991410869791331471');
INSERT INTO session_access_group_ids(session_key, group_id) VALUES('0klGWy5E4189lyKCVOtA', 'allUsers');
INSERT INTO sessions(key, expiry, device_id, object_id) VALUES('2387zcbJ6TOBPcKpzHeM', '2022-08-02T21:40:20.557393Z', 76, '100991410869791331471');
INSERT INTO session_access_group_ids(session_key, group_id) VALUES('2387zcbJ6TOBPcKpzHeM', 'allUsers');
INSERT INTO sessions(key, expiry, device_id, object_id) VALUES('AIeFgFlhLtMy024CV4mZ', '2022-08-02T21:46:23.155293Z', 79, '118030630721247338647');
INSERT INTO session_access_group_ids(session_key, group_id) VALUES('AIeFgFlhLtMy024CV4mZ', 'allUsers');
INSERT INTO sessions(key, expiry, device_id, object_id) VALUES('QZVDtBQxMWup6wJRHz5O', '2022-08-03T16:54:39.611278Z', 79, '118030630721247338647');
INSERT INTO session_access_group_ids(session_key, group_id) VALUES('QZVDtBQxMWup6wJRHz5O', 'allUsers');
INSERT INTO sessions(key, expiry, device_id, object_id) VALUES('ieQOUey5BU22hpJqH0cT', '2022-08-03T16:56:06.121734Z', 79, '118030630721247338647');
INSERT INTO session_access_group_ids(session_key, group_id) VALUES('ieQOUey5BU22hpJqH0cT', 'allUsers');
INSERT INTO sessions(key, expiry, device_id, object_id) VALUES('02KKc2kKGmxZawgge1CV', '2022-08-03T17:33:44.917605Z', 8, '100985683022959439933');
INSERT INTO session_access_group_ids(session_key, group_id) VALUES('02KKc2kKGmxZawgge1CV', 'allUsers');
INSERT INTO sessions(key, expiry, device_id, object_id) VALUES('1JMQJgud8xXBB0zlYgOF', '2022-08-03T17:33:44.918472Z', 8, '100985683022959439933');
INSERT INTO session_access_group_ids(session_key, group_id) VALUES('1JMQJgud8xXBB0zlYgOF', 'allUsers');
INSERT INTO sessions(key, expiry, device_id, object_id) VALUES('TccNRHJ2tuhtYe0FxOr3', '2022-08-03T20:48:51.100006Z', 1, '112817585282727384553');
INSERT INTO session_access_group_ids(session_key, group_id) VALUES('TccNRHJ2tuhtYe0FxOr3', 'allUsers');
INSERT INTO sessions(key, expiry, device_id, object_id) VALUES('rW8CKSE2lDgwI8lsXZMS', '2022-08-03T20:54:10.556015Z', 79, '118030630721247338647');
INSERT INTO session_access_group_ids(session_key, group_id) VALUES('rW8CKSE2lDgwI8lsXZMS', 'allUsers');
INSERT INTO sessions(key, expiry, device_id, object_id) VALUES('kJfEIpR6Qtx8C9pdDKaO', '2022-08-03T21:08:49.601683Z', 79, '118030630721247338647');
INSERT INTO session_access_group_ids(session_key, group_id) VALUES('kJfEIpR6Qtx8C9pdDKaO', 'allUsers');
INSERT INTO sessions(key, expiry, device_id, object_id) VALUES('PlGKPvOhE7jPRhLj8bSN', '2022-08-03T23:08:11.348726Z', 1, '112817585282727384553');
INSERT INTO session_access_group_ids(session_key, group_id) VALUES('PlGKPvOhE7jPRhLj8bSN', 'allUsers');
INSERT INTO sessions(key, expiry, device_id, object_id) VALUES('4IPsBGf1hYl3Jx1dDYMa', '2022-08-03T23:36:22.461171Z', 1, '112817585282727384553');
INSERT INTO session_access_group_ids(session_key, group_id) VALUES('4IPsBGf1hYl3Jx1dDYMa', 'allUsers');
INSERT INTO sessions(key, expiry, device_id, object_id) VALUES('5mxawJDhK7n6Z1KSJ8Ec', '2022-08-04T16:43:05.91617Z', 17, '104769902177610122748');
INSERT INTO session_access_group_ids(session_key, group_id) VALUES('5mxawJDhK7n6Z1KSJ8Ec', 'allUsers');
INSERT INTO sessions(key, expiry, device_id, object_id) VALUES('zx5QSLeql778RnlA64qx', '2022-08-04T17:39:27.868593Z', 79, '118030630721247338647');
INSERT INTO session_access_group_ids(session_key, group_id) VALUES('zx5QSLeql778RnlA64qx', 'allUsers');
INSERT INTO sessions(key, expiry, device_id, object_id) VALUES('tBhF39vkziK5Y7XEHnqr', '2022-08-04T18:37:20.675525Z', 79, '118030630721247338647');
INSERT INTO session_access_group_ids(session_key, group_id) VALUES('tBhF39vkziK5Y7XEHnqr', 'allUsers');
INSERT INTO sessions(key, expiry, device_id, object_id) VALUES('I9QPRxcI0XlFrqaC7mhp', '2022-08-04T18:38:01.361853Z', 87, '112867350575431171492');
INSERT INTO session_access_group_ids(session_key, group_id) VALUES('I9QPRxcI0XlFrqaC7mhp', 'allUsers');
INSERT INTO sessions(key, expiry, device_id, object_id) VALUES('i6R6LoblAlzbLtjczuw0', '2022-08-04T18:40:58.238881Z', 87, '112867350575431171492');
INSERT INTO session_access_group_ids(session_key, group_id) VALUES('i6R6LoblAlzbLtjczuw0', 'allUsers');
INSERT INTO sessions(key, expiry, device_id, object_id) VALUES('QZDjArAHCVgLypWTA5Pc', '2022-08-04T18:41:52.743397Z', 87, '112867350575431171492');
INSERT INTO session_access_group_ids(session_key, group_id) VALUES('QZDjArAHCVgLypWTA5Pc', 'allUsers');
INSERT INTO sessions(key, expiry, device_id, object_id) VALUES('I5ESGOi2i5cHr0VE7D9z', '2022-08-04T18:48:52.797578Z', 79, '118030630721247338647');
INSERT INTO session_access_group_ids(session_key, group_id) VALUES('I5ESGOi2i5cHr0VE7D9z', 'allUsers');
INSERT INTO sessions(key, expiry, device_id, object_id) VALUES('GR9yMVwns9GhqquCbRMr', '2022-08-04T18:54:23.73031Z', 76, '100991410869791331471');
INSERT INTO session_access_group_ids(session_key, group_id) VALUES('GR9yMVwns9GhqquCbRMr', 'allUsers');
INSERT INTO sessions(key, expiry, device_id, object_id) VALUES('LDZ1WIbiuPvuuedWR1v6', '2022-08-04T18:58:31.469301Z', 1, '112817585282727384553');
INSERT INTO session_access_group_ids(session_key, group_id) VALUES('LDZ1WIbiuPvuuedWR1v6', 'allUsers');
INSERT INTO sessions(key, expiry, device_id, object_id) VALUES('6BRooQN7RMygdfjehRAN', '2022-08-04T20:27:54.031047Z', 79, '118030630721247338647');
INSERT INTO session_access_group_ids(session_key, group_id) VALUES('6BRooQN7RMygdfjehRAN', 'allUsers');
INSERT INTO sessions(key, expiry, device_id, object_id) VALUES('umCNECMPfVsD34Q6jV6f', '2022-08-04T20:50:20.377387Z', 87, '112867350575431171492');
INSERT INTO session_access_group_ids(session_key, group_id) VALUES('umCNECMPfVsD34Q6jV6f', 'allUsers');
INSERT INTO sessions(key, expiry, device_id, object_id) VALUES('Ge2XX9myHwaAX8Rhw0Wd', '2022-08-05T00:21:26.85123Z', 8, '100985683022959439933');
INSERT INTO session_access_group_ids(session_key, group_id) VALUES('Ge2XX9myHwaAX8Rhw0Wd', 'allUsers');
INSERT INTO sessions(key, expiry, device_id, object_id) VALUES('fiRna04cPIz5a3z92jdZ', '2022-08-05T17:38:54.579193Z', 1, '112817585282727384553');
INSERT INTO session_access_group_ids(session_key, group_id) VALUES('fiRna04cPIz5a3z92jdZ', 'allUsers');
INSERT INTO sessions(key, expiry, device_id, object_id) VALUES('jrJCOHoE4gdc5ZQ8QpcZ', '2022-08-05T17:49:23.545276Z', 1, '112817585282727384553');
INSERT INTO session_access_group_ids(session_key, group_id) VALUES('jrJCOHoE4gdc5ZQ8QpcZ', 'allUsers');
INSERT INTO sessions(key, expiry, device_id, object_id) VALUES('BbLdZ2ho6nDIHdBHLZhP', '2022-08-05T19:13:39.930359Z', 1, '112817585282727384553');
INSERT INTO session_access_group_ids(session_key, group_id) VALUES('BbLdZ2ho6nDIHdBHLZhP', 'allUsers');
INSERT INTO sessions(key, expiry, device_id, object_id) VALUES('FzKxBcmkRMJiR7UGk1Qr', '2022-08-05T19:13:39.935974Z', 1, '112817585282727384553');
INSERT INTO session_access_group_ids(session_key, group_id) VALUES('FzKxBcmkRMJiR7UGk1Qr', 'allUsers');
INSERT INTO sessions(key, expiry, device_id, object_id) VALUES('JX1bZypgEl7v0nuN9wkJ', '2022-08-08T17:59:02.271174Z', 76, '100991410869791331471');
INSERT INTO session_access_group_ids(session_key, group_id) VALUES('JX1bZypgEl7v0nuN9wkJ', 'allUsers');
INSERT INTO sessions(key, expiry, device_id, object_id) VALUES('iAeNSosFdwLSGg0qUmtQ', '2022-08-08T21:11:52.185685Z', 1, '112817585282727384553');
INSERT INTO session_access_group_ids(session_key, group_id) VALUES('iAeNSosFdwLSGg0qUmtQ', 'allUsers');
INSERT INTO sessions(key, expiry, device_id, object_id) VALUES('2MmLGADREubGUbNLrwYY', '2022-08-08T22:35:40.856579Z', 1, '112817585282727384553');
INSERT INTO session_access_group_ids(session_key, group_id) VALUES('2MmLGADREubGUbNLrwYY', 'allUsers');
INSERT INTO sessions(key, expiry, device_id, object_id) VALUES('Nn3hgVW7Hi4GeEeUelUV', '2022-08-09T00:24:38.663581Z', 8, '100985683022959439933');
INSERT INTO session_access_group_ids(session_key, group_id) VALUES('Nn3hgVW7Hi4GeEeUelUV', 'allUsers');
INSERT INTO sessions(key, expiry, device_id, object_id) VALUES('yHjaKQUarjzn5qgEFeiZ', '2022-08-09T21:47:04.073974Z', 79, '118030630721247338647');
INSERT INTO session_access_group_ids(session_key, group_id) VALUES('yHjaKQUarjzn5qgEFeiZ', 'allUsers');
INSERT INTO sessions(key, expiry, device_id, object_id) VALUES('cobydUzIu0dthBr4aZSr', '2022-08-09T22:03:12.346481Z', 1, '112817585282727384553');
INSERT INTO session_access_group_ids(session_key, group_id) VALUES('cobydUzIu0dthBr4aZSr', 'allUsers');
INSERT INTO sessions(key, expiry, device_id, object_id) VALUES('W5rSlGhYdXQrEoW1OBAA', '2022-08-09T23:25:54.71583Z', 1, '112817585282727384553');
INSERT INTO session_access_group_ids(session_key, group_id) VALUES('W5rSlGhYdXQrEoW1OBAA', 'allUsers');
INSERT INTO sessions(key, expiry, device_id, object_id) VALUES('hT3GsW7oXVhcZaCxzyXi', '2022-08-09T23:27:28.47367Z', 76, '100991410869791331471');
INSERT INTO session_access_group_ids(session_key, group_id) VALUES('hT3GsW7oXVhcZaCxzyXi', 'allUsers');
INSERT INTO sessions(key, expiry, device_id, object_id) VALUES('Y5R4bOiv0WtGSxBbCok0', '2022-08-10T16:49:05.54254Z', 1, '112817585282727384553');
INSERT INTO session_access_group_ids(session_key, group_id) VALUES('Y5R4bOiv0WtGSxBbCok0', 'allUsers');
INSERT INTO sessions(key, expiry, device_id, object_id) VALUES('yPxLcYUKSGSLx6rZ1OoF', '2022-08-10T18:39:50.220951Z', 76, '100991410869791331471');
INSERT INTO session_access_group_ids(session_key, group_id) VALUES('yPxLcYUKSGSLx6rZ1OoF', 'allUsers');
INSERT INTO sessions(key, expiry, device_id, object_id) VALUES('J6VEOOm2C0pLN0Do905U', '2022-08-10T18:48:40.456508Z', 1, '112817585282727384553');
INSERT INTO session_access_group_ids(session_key, group_id) VALUES('J6VEOOm2C0pLN0Do905U', 'allUsers');
INSERT INTO sessions(key, expiry, device_id, object_id) VALUES('wZVefjX9W08KVAjfFNzL', '2022-08-10T19:07:00.103Z', 76, '100991410869791331471');
INSERT INTO session_access_group_ids(session_key, group_id) VALUES('wZVefjX9W08KVAjfFNzL', 'allUsers');
INSERT INTO sessions(key, expiry, device_id, object_id) VALUES('6dFmMzDpqnPQtlvaIkC8', '2022-08-10T19:19:31.614833Z', 1, '112817585282727384553');
INSERT INTO session_access_group_ids(session_key, group_id) VALUES('6dFmMzDpqnPQtlvaIkC8', 'allUsers');
INSERT INTO sessions(key, expiry, device_id, object_id) VALUES('JosS6k6ixKzjhkMWfjTM', '2022-08-10T19:23:41.697188Z', 127, '118031823883989888627');
INSERT INTO session_access_group_ids(session_key, group_id) VALUES('JosS6k6ixKzjhkMWfjTM', 'allUsers');
INSERT INTO sessions(key, expiry, device_id, object_id) VALUES('KUzCXOeNjVg1pEbNrebV', '2022-08-10T19:26:37.82436Z', 127, '118031823883989888627');
INSERT INTO session_access_group_ids(session_key, group_id) VALUES('KUzCXOeNjVg1pEbNrebV', 'allUsers');
INSERT INTO sessions(key, expiry, device_id, object_id) VALUES('S5z5El6YkxB4xRZKS2Yz', '2022-08-10T21:45:20.000683Z', 17, '104769902177610122748');
INSERT INTO session_access_group_ids(session_key, group_id) VALUES('S5z5El6YkxB4xRZKS2Yz', 'allUsers');
INSERT INTO sessions(key, expiry, device_id, object_id) VALUES('fKEQPy14oqzVboUDHGAL', '2022-08-11T17:06:52.630181Z', 79, '118030630721247338647');
INSERT INTO session_access_group_ids(session_key, group_id) VALUES('fKEQPy14oqzVboUDHGAL', 'allUsers');
INSERT INTO sessions(key, expiry, device_id, object_id) VALUES('P1jso5B063izU75yQI3v', '2022-08-11T17:28:05.049852Z', 1, '112817585282727384553');
INSERT INTO session_access_group_ids(session_key, group_id) VALUES('P1jso5B063izU75yQI3v', 'allUsers');
INSERT INTO sessions(key, expiry, device_id, object_id) VALUES('yhZVQTvy7PwnyqapDmAI', '2022-08-11T20:18:36.436124Z', 8, '100985683022959439933');
INSERT INTO session_access_group_ids(session_key, group_id) VALUES('yhZVQTvy7PwnyqapDmAI', 'allUsers');
INSERT INTO sessions(key, expiry, device_id, object_id) VALUES('I0Y9V63X4tLOxGaa8ung', '2022-08-11T20:20:40.42489Z', 79, '118030630721247338647');
INSERT INTO session_access_group_ids(session_key, group_id) VALUES('I0Y9V63X4tLOxGaa8ung', 'allUsers');
INSERT INTO sessions(key, expiry, device_id, object_id) VALUES('gNZwYcwmwdeXNQt8RlN3', '2022-08-12T16:43:15.705656Z', 1, '112817585282727384553');
INSERT INTO session_access_group_ids(session_key, group_id) VALUES('gNZwYcwmwdeXNQt8RlN3', 'allUsers');
INSERT INTO sessions(key, expiry, device_id, object_id) VALUES('FKa4AGsZI083bwQH9IDg', '2022-08-12T19:37:20.717633Z', 8, '100985683022959439933');
INSERT INTO session_access_group_ids(session_key, group_id) VALUES('FKa4AGsZI083bwQH9IDg', 'allUsers');
INSERT INTO sessions(key, expiry, device_id, object_id) VALUES('pER5QbhESS4rcMYAVz4X', '2022-08-12T19:48:38.600807Z', 1, '112817585282727384553');
INSERT INTO session_access_group_ids(session_key, group_id) VALUES('pER5QbhESS4rcMYAVz4X', 'allUsers');
INSERT INTO sessions(key, expiry, device_id, object_id) VALUES('Wu9SFaX5mxGsvgYqTmn1', '2022-08-12T20:59:15.337034Z', 76, '100991410869791331471');
INSERT INTO session_access_group_ids(session_key, group_id) VALUES('Wu9SFaX5mxGsvgYqTmn1', 'allUsers');
INSERT INTO sessions(key, expiry, device_id, object_id) VALUES('TsGhsNN8KjsvOdL3CTgc', '2022-08-15T22:22:10.835728Z', 76, '100991410869791331471');
INSERT INTO session_access_group_ids(session_key, group_id) VALUES('TsGhsNN8KjsvOdL3CTgc', 'allUsers');
INSERT INTO sessions(key, expiry, device_id, object_id) VALUES('wvNWLd00cf7joRJs2yEW', '2022-08-16T21:56:56.874807Z', 139, '112817585282727384553');
INSERT INTO session_access_group_ids(session_key, group_id) VALUES('wvNWLd00cf7joRJs2yEW', 'allUsers');
INSERT INTO sessions(key, expiry, device_id, object_id) VALUES('GiUJWC0T473b3zUSyIlu', '2022-08-16T22:08:09.662915Z', 139, '112817585282727384553');
INSERT INTO session_access_group_ids(session_key, group_id) VALUES('GiUJWC0T473b3zUSyIlu', 'allUsers');
INSERT INTO sessions(key, expiry, device_id, object_id) VALUES('NUxY9hjgUUKWiQUbxOj4', '2022-08-16T22:40:58.781549Z', 139, '112817585282727384553');
INSERT INTO session_access_group_ids(session_key, group_id) VALUES('NUxY9hjgUUKWiQUbxOj4', 'allUsers');
INSERT INTO sessions(key, expiry, device_id, object_id) VALUES('5wrAPBB85IuAYZHfGlUk', '2022-08-16T22:56:39.865238Z', 139, '112817585282727384553');
INSERT INTO session_access_group_ids(session_key, group_id) VALUES('5wrAPBB85IuAYZHfGlUk', 'allUsers');
INSERT INTO sessions(key, expiry, device_id, object_id) VALUES('24xSsqp1jo0coUF5HHcx', '2022-08-16T23:43:21.151935Z', 139, '112817585282727384553');
INSERT INTO session_access_group_ids(session_key, group_id) VALUES('24xSsqp1jo0coUF5HHcx', 'allUsers');
INSERT INTO sessions(key, expiry, device_id, object_id) VALUES('wxOxpfTkkVb1LuHqCucq', '2022-08-17T17:36:43.322945Z', 139, '112817585282727384553');
INSERT INTO session_access_group_ids(session_key, group_id) VALUES('wxOxpfTkkVb1LuHqCucq', 'allUsers');
INSERT INTO sessions(key, expiry, device_id, object_id) VALUES('DvdNJYXNyg1QJgEvX12v', '2022-08-17T17:43:41.689937Z', 145, '110197187571246827470');
INSERT INTO session_access_group_ids(session_key, group_id) VALUES('DvdNJYXNyg1QJgEvX12v', 'allUsers');
INSERT INTO sessions(key, expiry, device_id, object_id) VALUES('rTENvK4W9PJrmGhghJkN', '2022-08-17T18:36:45.566375Z', 139, '112817585282727384553');
INSERT INTO session_access_group_ids(session_key, group_id) VALUES('rTENvK4W9PJrmGhghJkN', 'allUsers');
INSERT INTO sessions(key, expiry, device_id, object_id) VALUES('c2rxS2m9ryrL4np67Foe', '2022-08-17T19:39:52.418192Z', 147, '102025101977267805051');
INSERT INTO session_access_group_ids(session_key, group_id) VALUES('c2rxS2m9ryrL4np67Foe', 'allUsers');
INSERT INTO sessions(key, expiry, device_id, object_id) VALUES('FRMflwmCyKjgi1HRSV44', '2022-08-17T20:30:03.603739Z', 139, '112817585282727384553');
INSERT INTO session_access_group_ids(session_key, group_id) VALUES('FRMflwmCyKjgi1HRSV44', 'allUsers');
INSERT INTO sessions(key, expiry, device_id, object_id) VALUES('FLkJGquOU91bJdfTDGP7', '2022-08-17T21:53:16.942896Z', 76, '100991410869791331471');
INSERT INTO session_access_group_ids(session_key, group_id) VALUES('FLkJGquOU91bJdfTDGP7', 'allUsers');
INSERT INTO sessions(key, expiry, device_id, object_id) VALUES('Mi6GoadITQy4KitWdySZ', '2022-08-17T22:06:06.634949Z', 8, '100985683022959439933');
INSERT INTO session_access_group_ids(session_key, group_id) VALUES('Mi6GoadITQy4KitWdySZ', 'allUsers');
INSERT INTO sessions(key, expiry, device_id, object_id) VALUES('Ef6z805gc79z1flucNhL', '2022-08-17T22:28:03.343765Z', 139, '112817585282727384553');
INSERT INTO session_access_group_ids(session_key, group_id) VALUES('Ef6z805gc79z1flucNhL', 'allUsers');
INSERT INTO sessions(key, expiry, device_id, object_id) VALUES('zjM5NlqaSLdZ74V2bofH', '2022-08-17T22:36:43.040956Z', 139, '112817585282727384553');
INSERT INTO session_access_group_ids(session_key, group_id) VALUES('zjM5NlqaSLdZ74V2bofH', 'allUsers');
INSERT INTO sessions(key, expiry, device_id, object_id) VALUES('wXqPsVu3LPy2aziZkz4g', '2022-08-18T17:17:53.739653Z', 76, '100991410869791331471');
INSERT INTO session_access_group_ids(session_key, group_id) VALUES('wXqPsVu3LPy2aziZkz4g', 'allUsers');
INSERT INTO sessions(key, expiry, device_id, object_id) VALUES('H9bL6EINw25KiaqGcMKJ', '2022-08-18T18:01:49.455833Z', 147, '102025101977267805051');
INSERT INTO session_access_group_ids(session_key, group_id) VALUES('H9bL6EINw25KiaqGcMKJ', 'allUsers');
INSERT INTO sessions(key, expiry, device_id, object_id) VALUES('MeAAt2oFLtvmTRgnMLXc', '2022-08-18T18:52:16.013242Z', 147, '102025101977267805051');
INSERT INTO session_access_group_ids(session_key, group_id) VALUES('MeAAt2oFLtvmTRgnMLXc', 'allUsers');
INSERT INTO sessions(key, expiry, device_id, object_id) VALUES('r7qsoGgbENfnaMuq1g3j', '2022-08-18T21:09:23.06932Z', 139, '112817585282727384553');
INSERT INTO session_access_group_ids(session_key, group_id) VALUES('r7qsoGgbENfnaMuq1g3j', 'allUsers');
INSERT INTO sessions(key, expiry, device_id, object_id) VALUES('RCeq2zDjLUH3sGBk0mh3', '2022-08-18T21:18:10.903453Z', 139, '112817585282727384553');
INSERT INTO session_access_group_ids(session_key, group_id) VALUES('RCeq2zDjLUH3sGBk0mh3', 'allUsers');
INSERT INTO sessions(key, expiry, device_id, object_id) VALUES('N5owAYrGUmUFJdRixy9C', '2022-08-19T16:51:25.794838Z', 76, '100991410869791331471');
INSERT INTO session_access_group_ids(session_key, group_id) VALUES('N5owAYrGUmUFJdRixy9C', 'allUsers');
INSERT INTO sessions(key, expiry, device_id, object_id) VALUES('Sc3ayAFi6B2iL5aFt12a', '2022-08-19T16:58:57.524995Z', 76, '100991410869791331471');
INSERT INTO session_access_group_ids(session_key, group_id) VALUES('Sc3ayAFi6B2iL5aFt12a', 'allUsers');
INSERT INTO sessions(key, expiry, device_id, object_id) VALUES('WqsZ0sX6F9v2si3U1qHB', '2022-08-19T18:39:30.164824Z', 8, '100985683022959439933');
INSERT INTO session_access_group_ids(session_key, group_id) VALUES('WqsZ0sX6F9v2si3U1qHB', 'allUsers');
INSERT INTO sessions(key, expiry, device_id, object_id) VALUES('3T5icq9ihZH1w8VgVo7T', '2022-08-19T22:21:28.044602Z', 76, '100991410869791331471');
INSERT INTO session_access_group_ids(session_key, group_id) VALUES('3T5icq9ihZH1w8VgVo7T', 'allUsers');
INSERT INTO sessions(key, expiry, device_id, object_id) VALUES('mcaBqdqaKS5Foj2vn3Ll', '2022-08-22T18:08:03.860782Z', 76, '100991410869791331471');
INSERT INTO session_access_group_ids(session_key, group_id) VALUES('mcaBqdqaKS5Foj2vn3Ll', 'allUsers');
INSERT INTO sessions(key, expiry, device_id, object_id) VALUES('IWQgJkcOWzroNKh8M4NR', '2022-08-22T18:12:35.902653Z', 76, '100991410869791331471');
INSERT INTO session_access_group_ids(session_key, group_id) VALUES('IWQgJkcOWzroNKh8M4NR', 'allUsers');
INSERT INTO sessions(key, expiry, device_id, object_id) VALUES('xYZ1zINQXbopk4lmigcY', '2022-08-22T18:22:19.413831Z', 8, '100985683022959439933');
INSERT INTO session_access_group_ids(session_key, group_id) VALUES('xYZ1zINQXbopk4lmigcY', 'allUsers');
INSERT INTO sessions(key, expiry, device_id, object_id) VALUES('ySiiH57AOvrwZNDyr6af', '2022-08-23T20:08:02.23208Z', 20, '112665949801795306885');
INSERT INTO session_access_group_ids(session_key, group_id) VALUES('ySiiH57AOvrwZNDyr6af', 'allUsers');
INSERT INTO sessions(key, expiry, device_id, object_id) VALUES('APHxt2hk5atFLcqV0qv1', '2022-08-23T20:09:31.966886Z', 8, '100985683022959439933');
INSERT INTO session_access_group_ids(session_key, group_id) VALUES('APHxt2hk5atFLcqV0qv1', 'allUsers');
INSERT INTO sessions(key, expiry, device_id, object_id) VALUES('PCywCOJJBGXZ14P5ojkK', '2022-08-23T20:56:23.140981Z', 8, '100985683022959439933');
INSERT INTO session_access_group_ids(session_key, group_id) VALUES('PCywCOJJBGXZ14P5ojkK', 'allUsers');
INSERT INTO sessions(key, expiry, device_id, object_id) VALUES('m1Iy8KVCgNn0hZNe4EHp', '2022-08-25T17:29:02.704353Z', 79, '118030630721247338647');
INSERT INTO session_access_group_ids(session_key, group_id) VALUES('m1Iy8KVCgNn0hZNe4EHp', 'allUsers');
INSERT INTO sessions(key, expiry, device_id, object_id) VALUES('exHag8OHCBvibtAcoyBe', '2022-08-26T23:09:32.91332Z', 139, '112817585282727384553');
INSERT INTO session_access_group_ids(session_key, group_id) VALUES('exHag8OHCBvibtAcoyBe', 'allUsers');
INSERT INTO sessions(key, expiry, device_id, object_id) VALUES('arNkm5W57Bd6SkzvFBiD', '2022-08-29T17:27:11.122014Z', 17, '104769902177610122748');
INSERT INTO session_access_group_ids(session_key, group_id) VALUES('arNkm5W57Bd6SkzvFBiD', 'allUsers');
INSERT INTO sessions(key, expiry, device_id, object_id) VALUES('EMigdGOiZAoTNQd8NDB5', '2022-08-31T21:26:24.784822Z', 172, '116795182350144818357');
INSERT INTO session_access_group_ids(session_key, group_id) VALUES('EMigdGOiZAoTNQd8NDB5', 'allUsers');
INSERT INTO sessions(key, expiry, device_id, object_id) VALUES('Drqr93coyvoZEaqi7WBb', '2022-09-01T18:06:24.841356Z', 172, '116795182350144818357');
INSERT INTO session_access_group_ids(session_key, group_id) VALUES('Drqr93coyvoZEaqi7WBb', 'allUsers');
INSERT INTO sessions(key, expiry, device_id, object_id) VALUES('Rm0pa48qt3wMlIR2ewvh', '2022-09-01T18:18:36.66998Z', 172, '116795182350144818357');
INSERT INTO session_access_group_ids(session_key, group_id) VALUES('Rm0pa48qt3wMlIR2ewvh', 'allUsers');
INSERT INTO sessions(key, expiry, device_id, object_id) VALUES('tuKU3qoxk3F4taz8qGPC', '2022-09-01T18:18:36.707623Z', 172, '116795182350144818357');
INSERT INTO session_access_group_ids(session_key, group_id) VALUES('tuKU3qoxk3F4taz8qGPC', 'allUsers');
INSERT INTO sessions(key, expiry, device_id, object_id) VALUES('K6g18WuzbmGxGjCMKyNr', '2022-09-01T20:33:35.440759Z', 8, '100985683022959439933');
INSERT INTO session_access_group_ids(session_key, group_id) VALUES('K6g18WuzbmGxGjCMKyNr', 'allUsers');
INSERT INTO sessions(key, expiry, device_id, object_id) VALUES('ilR0fJoTp4LmL57o6vje', '2022-09-01T20:42:03.198475Z', 76, '100991410869791331471');
INSERT INTO session_access_group_ids(session_key, group_id) VALUES('ilR0fJoTp4LmL57o6vje', 'allUsers');
INSERT INTO sessions(key, expiry, device_id, object_id) VALUES('Kx67yyV7daN0HA3hlA1G', '2022-09-01T23:11:37.361072Z', 76, '100991410869791331471');
INSERT INTO session_access_group_ids(session_key, group_id) VALUES('Kx67yyV7daN0HA3hlA1G', 'allUsers');
INSERT INTO sessions(key, expiry, device_id, object_id) VALUES('y9iRZdYOnFhzVcCnDEBa', '2022-09-02T16:46:52.74655Z', 76, '100991410869791331471');
INSERT INTO session_access_group_ids(session_key, group_id) VALUES('y9iRZdYOnFhzVcCnDEBa', 'allUsers');
INSERT INTO sessions(key, expiry, device_id, object_id) VALUES('VuViZ7RU4aNRaKE5epHB', '2022-09-02T17:11:16.829949Z', 172, '116795182350144818357');
INSERT INTO session_access_group_ids(session_key, group_id) VALUES('VuViZ7RU4aNRaKE5epHB', 'allUsers');
INSERT INTO sessions(key, expiry, device_id, object_id) VALUES('m42vTgkXa0uHhEppSsfi', '2022-09-02T17:41:35.12806Z', 76, '100991410869791331471');
INSERT INTO session_access_group_ids(session_key, group_id) VALUES('m42vTgkXa0uHhEppSsfi', 'allUsers');
INSERT INTO sessions(key, expiry, device_id, object_id) VALUES('K0yIe9PoqRM8R4NePUCa', '2022-09-02T17:49:30.393564Z', 172, '116795182350144818357');
INSERT INTO session_access_group_ids(session_key, group_id) VALUES('K0yIe9PoqRM8R4NePUCa', 'allUsers');
INSERT INTO sessions(key, expiry, device_id, object_id) VALUES('UVyV3zOTugsGg0RZmKVt', '2022-09-02T17:50:35.107041Z', 172, '116795182350144818357');
INSERT INTO session_access_group_ids(session_key, group_id) VALUES('UVyV3zOTugsGg0RZmKVt', 'allUsers');
INSERT INTO sessions(key, expiry, device_id, object_id) VALUES('Rj76M5DeYl5eNy9jk5ny', '2022-09-02T17:51:29.833194Z', 172, '116795182350144818357');
INSERT INTO session_access_group_ids(session_key, group_id) VALUES('Rj76M5DeYl5eNy9jk5ny', 'allUsers');
INSERT INTO sessions(key, expiry, device_id, object_id) VALUES('7gwfgVP0mKydCHbVhcTd', '2022-09-02T17:52:50.469538Z', 172, '116795182350144818357');
INSERT INTO session_access_group_ids(session_key, group_id) VALUES('7gwfgVP0mKydCHbVhcTd', 'allUsers');
INSERT INTO sessions(key, expiry, device_id, object_id) VALUES('QwQyUpcztwOllmC7ZNDb', '2022-09-02T17:57:23.547571Z', 172, '116795182350144818357');
INSERT INTO session_access_group_ids(session_key, group_id) VALUES('QwQyUpcztwOllmC7ZNDb', 'allUsers');
INSERT INTO sessions(key, expiry, device_id, object_id) VALUES('i365OeBuNeKw5HqGdss9', '2022-09-02T17:58:10.46267Z', 172, '116795182350144818357');
INSERT INTO session_access_group_ids(session_key, group_id) VALUES('i365OeBuNeKw5HqGdss9', 'allUsers');
INSERT INTO sessions(key, expiry, device_id, object_id) VALUES('RzzdkNU1OFv5UzXMRIta', '2022-09-02T17:58:46.492391Z', 172, '116795182350144818357');
INSERT INTO session_access_group_ids(session_key, group_id) VALUES('RzzdkNU1OFv5UzXMRIta', 'allUsers');
INSERT INTO sessions(key, expiry, device_id, object_id) VALUES('lpGRjY6OIFkc4Ou33bPI', '2022-09-13T16:40:52.525387Z', 186, '102025101977267805051');
INSERT INTO session_access_group_ids(session_key, group_id) VALUES('lpGRjY6OIFkc4Ou33bPI', 'allUsers');
INSERT INTO sessions(key, expiry, device_id, object_id) VALUES('NpXLeibwGLov4uyg7jwi', '2022-09-13T22:01:34.286966Z', 8, '100985683022959439933');
INSERT INTO session_access_group_ids(session_key, group_id) VALUES('NpXLeibwGLov4uyg7jwi', 'allUsers');
INSERT INTO sessions(key, expiry, device_id, object_id) VALUES('kdyB58U818QKZ8d0wSXU', '2022-09-13T22:14:06.288324Z', 79, '118030630721247338647');
INSERT INTO session_access_group_ids(session_key, group_id) VALUES('kdyB58U818QKZ8d0wSXU', 'allUsers');
INSERT INTO sessions(key, expiry, device_id, object_id) VALUES('1Dfl5rXY0ESGptMQLvO6', '2022-09-14T01:50:52.206211Z', 8, '100985683022959439933');
INSERT INTO session_access_group_ids(session_key, group_id) VALUES('1Dfl5rXY0ESGptMQLvO6', 'allUsers');
INSERT INTO sessions(key, expiry, device_id, object_id) VALUES('EfrIrEsn3mPR4JdKwGeT', '2022-09-14T19:26:18.386506Z', 76, '100991410869791331471');
INSERT INTO session_access_group_ids(session_key, group_id) VALUES('EfrIrEsn3mPR4JdKwGeT', 'allUsers');
INSERT INTO sessions(key, expiry, device_id, object_id) VALUES('wNDmcW8ZDtxGkUL5POhT', '2022-09-15T23:10:20.9904Z', 186, '102025101977267805051');
INSERT INTO session_access_group_ids(session_key, group_id) VALUES('wNDmcW8ZDtxGkUL5POhT', 'allUsers');
INSERT INTO sessions(key, expiry, device_id, object_id) VALUES('u23lo2rXIxlCCwxbuhP4', '2022-09-16T17:48:19.830484Z', 8, '100985683022959439933');
INSERT INTO session_access_group_ids(session_key, group_id) VALUES('u23lo2rXIxlCCwxbuhP4', 'allUsers');
INSERT INTO sessions(key, expiry, device_id, object_id) VALUES('sVX0SdNT3li1rVjGEzHz', '2022-09-16T18:34:00.411611Z', 76, '100991410869791331471');
INSERT INTO session_access_group_ids(session_key, group_id) VALUES('sVX0SdNT3li1rVjGEzHz', 'allUsers');
INSERT INTO sessions(key, expiry, device_id, object_id) VALUES('Wma0u4BnxWMtWYM3UaW7', '2022-09-19T22:30:33.836607Z', 172, '116795182350144818357');
INSERT INTO session_access_group_ids(session_key, group_id) VALUES('Wma0u4BnxWMtWYM3UaW7', 'allUsers');
INSERT INTO sessions(key, expiry, device_id, object_id) VALUES('uCtpNvXsHTU7C30BOeAq', '2022-09-19T22:30:33.867327Z', 172, '116795182350144818357');
INSERT INTO session_access_group_ids(session_key, group_id) VALUES('uCtpNvXsHTU7C30BOeAq', 'allUsers');
INSERT INTO sessions(key, expiry, device_id, object_id) VALUES('HC2iYzVaw4uDItHYL5H2', '2022-09-19T22:30:38.919769Z', 172, '116795182350144818357');
INSERT INTO session_access_group_ids(session_key, group_id) VALUES('HC2iYzVaw4uDItHYL5H2', 'allUsers');
INSERT INTO sessions(key, expiry, device_id, object_id) VALUES('ybCAMw0xM5RHfBc8ChPU', '2022-09-20T18:06:49.089724Z', 36, '100879755476735167677');
INSERT INTO session_access_group_ids(session_key, group_id) VALUES('ybCAMw0xM5RHfBc8ChPU', 'allUsers');
INSERT INTO sessions(key, expiry, device_id, object_id) VALUES('tZ6bqocnhqtR4AdodIO7', '2022-09-20T18:08:13.851444Z', 172, '116795182350144818357');
INSERT INTO session_access_group_ids(session_key, group_id) VALUES('tZ6bqocnhqtR4AdodIO7', 'allUsers');
INSERT INTO sessions(key, expiry, device_id, object_id) VALUES('6bS8Z24Aj62RmfPbonEk', '2022-09-21T19:34:51.649359Z', 172, '116795182350144818357');
INSERT INTO session_access_group_ids(session_key, group_id) VALUES('6bS8Z24Aj62RmfPbonEk', 'allUsers');
INSERT INTO sessions(key, expiry, device_id, object_id) VALUES('uiPTF89VL8tUJp7y5HiM', '2022-09-22T17:55:04.557696Z', 8, '100985683022959439933');
INSERT INTO session_access_group_ids(session_key, group_id) VALUES('uiPTF89VL8tUJp7y5HiM', 'allUsers');
INSERT INTO sessions(key, expiry, device_id, object_id) VALUES('4H31uIL3wjKrZAjqEt20', '2022-09-22T18:23:23.532872Z', 8, '100985683022959439933');
INSERT INTO session_access_group_ids(session_key, group_id) VALUES('4H31uIL3wjKrZAjqEt20', 'allUsers');
INSERT INTO sessions(key, expiry, device_id, object_id) VALUES('dC7ZeDIHQDKbQnUuU4sR', '2022-09-22T18:42:05.808207Z', 8, '100985683022959439933');
INSERT INTO session_access_group_ids(session_key, group_id) VALUES('dC7ZeDIHQDKbQnUuU4sR', 'allUsers');
INSERT INTO sessions(key, expiry, device_id, object_id) VALUES('P7PHiqpIPvrz2eC8w7Zg', '2022-09-23T17:54:37.328587Z', 139, '112817585282727384553');
INSERT INTO session_access_group_ids(session_key, group_id) VALUES('P7PHiqpIPvrz2eC8w7Zg', 'allUsers');
INSERT INTO sessions(key, expiry, device_id, object_id) VALUES('w28ozOIrbaVYNn9Lo2ZW', '2022-09-23T17:58:07.509933Z', 139, '112817585282727384553');
INSERT INTO session_access_group_ids(session_key, group_id) VALUES('w28ozOIrbaVYNn9Lo2ZW', 'allUsers');
INSERT INTO sessions(key, expiry, device_id, object_id) VALUES('50na5Iss8re4EGW5GNwJ', '2022-09-23T18:00:06.369185Z', 139, '112817585282727384553');
INSERT INTO session_access_group_ids(session_key, group_id) VALUES('50na5Iss8re4EGW5GNwJ', 'allUsers');
INSERT INTO sessions(key, expiry, device_id, object_id) VALUES('bYtM94pJByrJOLGMg2Pk', '2022-09-23T18:05:51.722347Z', 139, '112817585282727384553');
INSERT INTO session_access_group_ids(session_key, group_id) VALUES('bYtM94pJByrJOLGMg2Pk', 'allUsers');
INSERT INTO sessions(key, expiry, device_id, object_id) VALUES('QIle4VGwbeNvVDullGPF', '2022-09-23T18:07:58.543556Z', 139, '112817585282727384553');
INSERT INTO session_access_group_ids(session_key, group_id) VALUES('QIle4VGwbeNvVDullGPF', 'allUsers');
INSERT INTO sessions(key, expiry, device_id, object_id) VALUES('oP6g0DbfYjRYsn4d7xa4', '2022-09-23T18:15:58.012021Z', 139, '112817585282727384553');
INSERT INTO session_access_group_ids(session_key, group_id) VALUES('oP6g0DbfYjRYsn4d7xa4', 'allUsers');
INSERT INTO sessions(key, expiry, device_id, object_id) VALUES('lug7l6VPzyfV2JMDRzNy', '2022-09-23T18:29:21.381657Z', 139, '112817585282727384553');
INSERT INTO session_access_group_ids(session_key, group_id) VALUES('lug7l6VPzyfV2JMDRzNy', 'allUsers');
INSERT INTO sessions(key, expiry, device_id, object_id) VALUES('YxTnQkSwgUd1HVCcXfMn', '2022-09-23T18:31:33.951963Z', 139, '112817585282727384553');
INSERT INTO session_access_group_ids(session_key, group_id) VALUES('YxTnQkSwgUd1HVCcXfMn', 'allUsers');
INSERT INTO sessions(key, expiry, device_id, object_id) VALUES('I8uX73NdNB6H1pl9gpz2', '2022-09-23T22:55:58.113835Z', 8, '100985683022959439933');
INSERT INTO session_access_group_ids(session_key, group_id) VALUES('I8uX73NdNB6H1pl9gpz2', 'allUsers');
INSERT INTO sessions(key, expiry, device_id, object_id) VALUES('XJNTc0L53TDcaoukyXln', '2022-09-23T23:40:42.687449Z', 8, '100985683022959439933');
INSERT INTO session_access_group_ids(session_key, group_id) VALUES('XJNTc0L53TDcaoukyXln', 'allUsers');
INSERT INTO sessions(key, expiry, device_id, object_id) VALUES('tiK6vqPoUI3rNTG5yk3N', '2022-09-23T23:57:24.410877Z', 76, '100991410869791331471');
INSERT INTO session_access_group_ids(session_key, group_id) VALUES('tiK6vqPoUI3rNTG5yk3N', 'allUsers');
INSERT INTO sessions(key, expiry, device_id, object_id) VALUES('mQHrhlu3scLJ39dVyAJ5', '2022-09-26T19:41:33.558701Z', 139, '112817585282727384553');
INSERT INTO session_access_group_ids(session_key, group_id) VALUES('mQHrhlu3scLJ39dVyAJ5', 'allUsers');
INSERT INTO sessions(key, expiry, device_id, object_id) VALUES('xchXU5kXLdCXX1Og17oD', '2022-09-26T20:35:35.104683Z', 76, '100991410869791331471');
INSERT INTO session_access_group_ids(session_key, group_id) VALUES('xchXU5kXLdCXX1Og17oD', 'allUsers');
INSERT INTO sessions(key, expiry, device_id, object_id) VALUES('pO0fgQ6cQquxzSvMOF4i', '2022-09-26T20:44:31.271355Z', 172, '116795182350144818357');
INSERT INTO session_access_group_ids(session_key, group_id) VALUES('pO0fgQ6cQquxzSvMOF4i', 'allUsers');
INSERT INTO sessions(key, expiry, device_id, object_id) VALUES('UaGYcEx3Kfne0Qf6YkZe', '2022-09-26T21:46:34.18679Z', 139, '112817585282727384553');
INSERT INTO session_access_group_ids(session_key, group_id) VALUES('UaGYcEx3Kfne0Qf6YkZe', 'allUsers');
INSERT INTO sessions(key, expiry, device_id, object_id) VALUES('pd0N93Cl027HyuWG4wM8', '2022-09-26T22:03:41.934296Z', 8, '100985683022959439933');
INSERT INTO session_access_group_ids(session_key, group_id) VALUES('pd0N93Cl027HyuWG4wM8', 'allUsers');
INSERT INTO sessions(key, expiry, device_id, object_id) VALUES('9mX4Uxwv6B9TGFZRq6Cg', '2022-09-26T22:45:33.837531Z', 139, '112817585282727384553');
INSERT INTO session_access_group_ids(session_key, group_id) VALUES('9mX4Uxwv6B9TGFZRq6Cg', 'allUsers');
INSERT INTO sessions(key, expiry, device_id, object_id) VALUES('eXy5Br6PnSZNm3iTLMGj', '2022-09-27T00:06:28.604989Z', 8, '100985683022959439933');
INSERT INTO session_access_group_ids(session_key, group_id) VALUES('eXy5Br6PnSZNm3iTLMGj', 'allUsers');
INSERT INTO sessions(key, expiry, device_id, object_id) VALUES('0vRo458GC5diTmHFhZpl', '2022-09-27T18:17:30.033708Z', 172, '116795182350144818357');
INSERT INTO session_access_group_ids(session_key, group_id) VALUES('0vRo458GC5diTmHFhZpl', 'allUsers');
INSERT INTO sessions(key, expiry, device_id, object_id) VALUES('DsJJJaFozYZdV0ojJOLZ', '2022-09-27T18:36:21.160861Z', 20, '112665949801795306885');
INSERT INTO session_access_group_ids(session_key, group_id) VALUES('DsJJJaFozYZdV0ojJOLZ', 'allUsers');
INSERT INTO sessions(key, expiry, device_id, object_id) VALUES('xNh8zKNLANeeapK1jeHE', '2022-09-27T20:08:03.715447Z', 172, '116795182350144818357');
INSERT INTO session_access_group_ids(session_key, group_id) VALUES('xNh8zKNLANeeapK1jeHE', 'allUsers');
INSERT INTO sessions(key, expiry, device_id, object_id) VALUES('DjgrFjgQxB9iTHutYrT1', '2022-09-27T20:12:07.578533Z', 172, '116795182350144818357');
INSERT INTO session_access_group_ids(session_key, group_id) VALUES('DjgrFjgQxB9iTHutYrT1', 'allUsers');
INSERT INTO sessions(key, expiry, device_id, object_id) VALUES('S4PArdUmTWioxebSLX7u', '2022-09-27T22:27:38.398444Z', 172, '116795182350144818357');
INSERT INTO session_access_group_ids(session_key, group_id) VALUES('S4PArdUmTWioxebSLX7u', 'allUsers');
INSERT INTO sessions(key, expiry, device_id, object_id) VALUES('Ki0iDWAWDsbT8RnM9kaQ', '2022-09-27T23:23:32.215405Z', 8, '100985683022959439933');
INSERT INTO session_access_group_ids(session_key, group_id) VALUES('Ki0iDWAWDsbT8RnM9kaQ', 'allUsers');
INSERT INTO sessions(key, expiry, device_id, object_id) VALUES('C2TzYRuOI86eCADPI8mQ', '2022-09-27T23:51:41.49655Z', 76, '100991410869791331471');
INSERT INTO session_access_group_ids(session_key, group_id) VALUES('C2TzYRuOI86eCADPI8mQ', 'allUsers');
INSERT INTO sessions(key, expiry, device_id, object_id) VALUES('RCyCKRUzD6N4oARqxZcf', '2022-09-29T22:44:07.064317Z', 186, '102025101977267805051');
INSERT INTO session_access_group_ids(session_key, group_id) VALUES('RCyCKRUzD6N4oARqxZcf', 'allUsers');
INSERT INTO sessions(key, expiry, device_id, object_id) VALUES('gnQY4fRRVGFHo7VUodZU', '2022-09-30T20:21:42.031729Z', 225, '115951854201743146619');
INSERT INTO session_access_group_ids(session_key, group_id) VALUES('gnQY4fRRVGFHo7VUodZU', 'allUsers');
INSERT INTO sessions(key, expiry, device_id, object_id) VALUES('ZbcN1QSWdtzpYp23Iucg', '2022-10-03T18:33:25.920387Z', 76, '100991410869791331471');
INSERT INTO session_access_group_ids(session_key, group_id) VALUES('ZbcN1QSWdtzpYp23Iucg', 'allUsers');
INSERT INTO sessions(key, expiry, device_id, object_id) VALUES('Gx54nXhiCizfniw0eWNM', '2022-10-04T19:24:15.814008Z', 76, '100991410869791331471');
INSERT INTO session_access_group_ids(session_key, group_id) VALUES('Gx54nXhiCizfniw0eWNM', 'allUsers');
INSERT INTO sessions(key, expiry, device_id, object_id) VALUES('LSGxViXMeEEyRDkcEKLt', '2022-10-04T20:39:17.561095Z', 8, '100985683022959439933');
INSERT INTO session_access_group_ids(session_key, group_id) VALUES('LSGxViXMeEEyRDkcEKLt', 'allUsers');
INSERT INTO sessions(key, expiry, device_id, object_id) VALUES('bh99Hrm8hBPJwPfWbcHq', '2022-10-04T22:31:16.367615Z', 76, '100991410869791331471');
INSERT INTO session_access_group_ids(session_key, group_id) VALUES('bh99Hrm8hBPJwPfWbcHq', 'allUsers');
INSERT INTO sessions(key, expiry, device_id, object_id) VALUES('esO4dQEJagS3630L4knh', '2022-10-04T22:39:10.789826Z', 8, '100985683022959439933');
INSERT INTO session_access_group_ids(session_key, group_id) VALUES('esO4dQEJagS3630L4knh', 'allUsers');
INSERT INTO sessions(key, expiry, device_id, object_id) VALUES('9yHlHaSxoRs6Aw8EcZBT', '2022-10-04T23:01:15.643513Z', 8, '100985683022959439933');
INSERT INTO session_access_group_ids(session_key, group_id) VALUES('9yHlHaSxoRs6Aw8EcZBT', 'allUsers');
INSERT INTO sessions(key, expiry, device_id, object_id) VALUES('UHDzwD8dafMgSpNxvzrG', '2022-10-04T23:42:07.400358Z', 17, '104769902177610122748');
INSERT INTO session_access_group_ids(session_key, group_id) VALUES('UHDzwD8dafMgSpNxvzrG', 'allUsers');
INSERT INTO sessions(key, expiry, device_id, object_id) VALUES('pvFhBfo2vVFNGUXFbnfT', '2022-10-05T00:36:53.195666Z', 76, '100991410869791331471');
INSERT INTO session_access_group_ids(session_key, group_id) VALUES('pvFhBfo2vVFNGUXFbnfT', 'allUsers');
INSERT INTO sessions(key, expiry, device_id, object_id) VALUES('iD1uoBoPNrTuVacqp3Fv', '2022-10-05T00:39:25.01733Z', 76, '100991410869791331471');
INSERT INTO session_access_group_ids(session_key, group_id) VALUES('iD1uoBoPNrTuVacqp3Fv', 'allUsers');
INSERT INTO sessions(key, expiry, device_id, object_id) VALUES('b9dnnzLNbTDOz3OsZ4zQ', '2022-10-05T00:40:23.557174Z', 8, '100985683022959439933');
INSERT INTO session_access_group_ids(session_key, group_id) VALUES('b9dnnzLNbTDOz3OsZ4zQ', 'allUsers');
INSERT INTO sessions(key, expiry, device_id, object_id) VALUES('K5gZIFF16Z0CuRMjmFNa', '2022-10-05T00:40:23.557356Z', 8, '100985683022959439933');
INSERT INTO session_access_group_ids(session_key, group_id) VALUES('K5gZIFF16Z0CuRMjmFNa', 'allUsers');
INSERT INTO sessions(key, expiry, device_id, object_id) VALUES('gtfR2H1aoUVfaViwtkPF', '2022-10-08T00:49:24.060542Z', 8, '100985683022959439933');
INSERT INTO session_access_group_ids(session_key, group_id) VALUES('gtfR2H1aoUVfaViwtkPF', 'allUsers');
INSERT INTO sessions(key, expiry, device_id, object_id) VALUES('moJJSJMNnfyig50pB2Cq', '2022-10-10T18:03:28.574284Z', 172, '116795182350144818357');
INSERT INTO session_access_group_ids(session_key, group_id) VALUES('moJJSJMNnfyig50pB2Cq', 'allUsers');
INSERT INTO sessions(key, expiry, device_id, object_id) VALUES('lor8kpRfRneDAUd2cObb', '2022-10-10T21:10:33.788355Z', 8, '100985683022959439933');
INSERT INTO session_access_group_ids(session_key, group_id) VALUES('lor8kpRfRneDAUd2cObb', 'allUsers');
INSERT INTO sessions(key, expiry, device_id, object_id) VALUES('xDX4WV2HiNbjGNm4JdOq', '2022-10-10T22:25:01.336048Z', 8, '100985683022959439933');
INSERT INTO session_access_group_ids(session_key, group_id) VALUES('xDX4WV2HiNbjGNm4JdOq', 'allUsers');
INSERT INTO sessions(key, expiry, device_id, object_id) VALUES('1SgYx6GLk60PQPRooNU5', '2022-10-10T23:45:40.581671Z', 8, '100985683022959439933');
INSERT INTO session_access_group_ids(session_key, group_id) VALUES('1SgYx6GLk60PQPRooNU5', 'allUsers');
INSERT INTO sessions(key, expiry, device_id, object_id) VALUES('KfO0i20yULgJXNelnxDE', '2022-10-12T16:23:25.980573Z', 145, '110197187571246827470');
INSERT INTO session_access_group_ids(session_key, group_id) VALUES('KfO0i20yULgJXNelnxDE', 'allUsers');
INSERT INTO sessions(key, expiry, device_id, object_id) VALUES('FAan1Eff5l5se27soFUM', '2022-10-12T17:15:00.276882Z', 87, '112867350575431171492');
INSERT INTO session_access_group_ids(session_key, group_id) VALUES('FAan1Eff5l5se27soFUM', 'allUsers');
INSERT INTO sessions(key, expiry, device_id, object_id) VALUES('Kzt3TeLVHeECXlMYLxlv', '2022-10-12T18:58:14.48363Z', 87, '112867350575431171492');
INSERT INTO session_access_group_ids(session_key, group_id) VALUES('Kzt3TeLVHeECXlMYLxlv', 'allUsers');
INSERT INTO sessions(key, expiry, device_id, object_id) VALUES('VbPvF5QA0nfPZ0g5uFKP', '2022-10-12T19:27:22.080532Z', 139, '112817585282727384553');
INSERT INTO session_access_group_ids(session_key, group_id) VALUES('VbPvF5QA0nfPZ0g5uFKP', 'allUsers');
INSERT INTO sessions(key, expiry, device_id, object_id) VALUES('CZexjZjrOPwm12aauMBu', '2022-10-12T20:39:47.620491Z', 186, '102025101977267805051');
INSERT INTO session_access_group_ids(session_key, group_id) VALUES('CZexjZjrOPwm12aauMBu', 'allUsers');
INSERT INTO sessions(key, expiry, device_id, object_id) VALUES('ow4R7zacLsoqzFByKMPZ', '2022-10-12T20:51:03.815482Z', 186, '102025101977267805051');
INSERT INTO session_access_group_ids(session_key, group_id) VALUES('ow4R7zacLsoqzFByKMPZ', 'allUsers');
INSERT INTO sessions(key, expiry, device_id, object_id) VALUES('kXMpJEVSRSmcy09XHC6P', '2022-10-12T22:27:29.411304Z', 79, '118030630721247338647');
INSERT INTO session_access_group_ids(session_key, group_id) VALUES('kXMpJEVSRSmcy09XHC6P', 'allUsers');
INSERT INTO sessions(key, expiry, device_id, object_id) VALUES('yKD9MECiwFTZ20hpcvdP', '2022-10-13T01:25:25.333917Z', 79, '118030630721247338647');
INSERT INTO session_access_group_ids(session_key, group_id) VALUES('yKD9MECiwFTZ20hpcvdP', 'allUsers');
INSERT INTO sessions(key, expiry, device_id, object_id) VALUES('rwts8V7612QgZtOJIZR5', '2022-10-13T02:15:48.205393Z', 79, '118030630721247338647');
INSERT INTO session_access_group_ids(session_key, group_id) VALUES('rwts8V7612QgZtOJIZR5', 'allUsers');
INSERT INTO sessions(key, expiry, device_id, object_id) VALUES('psf1U8qK2TmcH0q4H2Le', '2022-10-13T02:32:58.248451Z', 79, '118030630721247338647');
INSERT INTO session_access_group_ids(session_key, group_id) VALUES('psf1U8qK2TmcH0q4H2Le', 'allUsers');
INSERT INTO sessions(key, expiry, device_id, object_id) VALUES('nKn11srHxFP19mSLe2tP', '2022-10-13T02:54:15.661507Z', 79, '118030630721247338647');
INSERT INTO session_access_group_ids(session_key, group_id) VALUES('nKn11srHxFP19mSLe2tP', 'allUsers');
INSERT INTO sessions(key, expiry, device_id, object_id) VALUES('n4rn7LgLhWAk3wrn54xw', '2022-10-13T04:14:27.983258Z', 79, '118030630721247338647');
INSERT INTO session_access_group_ids(session_key, group_id) VALUES('n4rn7LgLhWAk3wrn54xw', 'allUsers');
INSERT INTO sessions(key, expiry, device_id, object_id) VALUES('K99QxTrY6MomwJwvY08X', '2022-10-13T17:38:53.253588Z', 172, '116795182350144818357');
INSERT INTO session_access_group_ids(session_key, group_id) VALUES('K99QxTrY6MomwJwvY08X', 'allUsers');
INSERT INTO sessions(key, expiry, device_id, object_id) VALUES('ENumkuCHbooVlP5Vvc7J', '2022-10-13T17:56:25.47421Z', 172, '116795182350144818357');
INSERT INTO session_access_group_ids(session_key, group_id) VALUES('ENumkuCHbooVlP5Vvc7J', 'allUsers');
INSERT INTO sessions(key, expiry, device_id, object_id) VALUES('LgSMSPiSt4JUq5Wwye9r', '2022-10-13T17:58:16.124504Z', 172, '116795182350144818357');
INSERT INTO session_access_group_ids(session_key, group_id) VALUES('LgSMSPiSt4JUq5Wwye9r', 'allUsers');
INSERT INTO sessions(key, expiry, device_id, object_id) VALUES('KZrW9PAbFQxFk53GC0GD', '2022-10-13T18:32:52.284944Z', 172, '116795182350144818357');
INSERT INTO session_access_group_ids(session_key, group_id) VALUES('KZrW9PAbFQxFk53GC0GD', 'allUsers');
INSERT INTO sessions(key, expiry, device_id, object_id) VALUES('wdbeRb6qjyXpp5IvrrXr', '2022-10-17T17:58:04.418549Z', 172, '116795182350144818357');
INSERT INTO session_access_group_ids(session_key, group_id) VALUES('wdbeRb6qjyXpp5IvrrXr', 'allUsers');
INSERT INTO sessions(key, expiry, device_id, object_id) VALUES('JjJZ2nkPhrk8zZICP23W', '2022-10-05T00:42:58.34615Z', 172, '116795182350144818357');
INSERT INTO session_access_group_ids(session_key, group_id) VALUES('JjJZ2nkPhrk8zZICP23W', 'allUsers');
INSERT INTO sessions(key, expiry, device_id, object_id) VALUES('gi9Ihi4co7oXRMjgf8aU', '2022-10-05T00:59:11.775357Z', 8, '100985683022959439933');
INSERT INTO session_access_group_ids(session_key, group_id) VALUES('gi9Ihi4co7oXRMjgf8aU', 'allUsers');
INSERT INTO sessions(key, expiry, device_id, object_id) VALUES('GvjEiQdbfXKSknfP5NOT', '2022-10-05T01:21:55.225278Z', 8, '100985683022959439933');
INSERT INTO session_access_group_ids(session_key, group_id) VALUES('GvjEiQdbfXKSknfP5NOT', 'allUsers');
INSERT INTO sessions(key, expiry, device_id, object_id) VALUES('ldsqAOqyrNkwaGBazeKw', '2022-10-05T17:49:56.260676Z', 172, '116795182350144818357');
INSERT INTO session_access_group_ids(session_key, group_id) VALUES('ldsqAOqyrNkwaGBazeKw', 'allUsers');
INSERT INTO sessions(key, expiry, device_id, object_id) VALUES('sKfvL7vmyIh6IHrI0qcB', '2022-10-05T18:09:16.661644Z', 76, '100991410869791331471');
INSERT INTO session_access_group_ids(session_key, group_id) VALUES('sKfvL7vmyIh6IHrI0qcB', 'allUsers');
INSERT INTO sessions(key, expiry, device_id, object_id) VALUES('8dgfv1pPiRc4fqnbryn1', '2022-10-05T23:18:19.474837Z', 76, '100991410869791331471');
INSERT INTO session_access_group_ids(session_key, group_id) VALUES('8dgfv1pPiRc4fqnbryn1', 'allUsers');
INSERT INTO sessions(key, expiry, device_id, object_id) VALUES('EuvE9sPzXarpp4IKng4i', '2022-10-06T00:15:34.552923Z', 76, '100991410869791331471');
INSERT INTO session_access_group_ids(session_key, group_id) VALUES('EuvE9sPzXarpp4IKng4i', 'allUsers');
INSERT INTO sessions(key, expiry, device_id, object_id) VALUES('mHRR40kMCFwDhOt5VIy1', '2022-10-06T00:22:05.245889Z', 76, '100991410869791331471');
INSERT INTO session_access_group_ids(session_key, group_id) VALUES('mHRR40kMCFwDhOt5VIy1', 'allUsers');
INSERT INTO sessions(key, expiry, device_id, object_id) VALUES('0IQh7GzJfHC7fLyPxFyy', '2022-10-06T18:54:45.534465Z', 172, '116795182350144818357');
INSERT INTO session_access_group_ids(session_key, group_id) VALUES('0IQh7GzJfHC7fLyPxFyy', 'allUsers');
INSERT INTO sessions(key, expiry, device_id, object_id) VALUES('JNZ4KZdE5C205FF8GrIW', '2022-10-06T20:31:10.137365Z', 8, '100985683022959439933');
INSERT INTO session_access_group_ids(session_key, group_id) VALUES('JNZ4KZdE5C205FF8GrIW', 'allUsers');
INSERT INTO sessions(key, expiry, device_id, object_id) VALUES('wJDDQTwwWU5H6LZjU465', '2022-10-06T22:50:33.701742Z', 8, '100985683022959439933');
INSERT INTO session_access_group_ids(session_key, group_id) VALUES('wJDDQTwwWU5H6LZjU465', 'allUsers');
INSERT INTO sessions(key, expiry, device_id, object_id) VALUES('gNsCwqGd257iywtyZAmj', '2022-10-06T23:42:01.005792Z', 172, '116795182350144818357');
INSERT INTO session_access_group_ids(session_key, group_id) VALUES('gNsCwqGd257iywtyZAmj', 'allUsers');
INSERT INTO sessions(key, expiry, device_id, object_id) VALUES('tfVDRnl4MObaaduSk4ZB', '2022-10-07T16:55:47.778135Z', 225, '115951854201743146619');
INSERT INTO session_access_group_ids(session_key, group_id) VALUES('tfVDRnl4MObaaduSk4ZB', 'allUsers');
INSERT INTO sessions(key, expiry, device_id, object_id) VALUES('FHovp0qIozbEpLu1nAhn', '2022-10-07T17:42:44.896375Z', 172, '116795182350144818357');
INSERT INTO session_access_group_ids(session_key, group_id) VALUES('FHovp0qIozbEpLu1nAhn', 'allUsers');
INSERT INTO sessions(key, expiry, device_id, object_id) VALUES('mLgRVlZX6DYZ3JXFjH23', '2022-10-07T17:42:44.944888Z', 172, '116795182350144818357');
INSERT INTO session_access_group_ids(session_key, group_id) VALUES('mLgRVlZX6DYZ3JXFjH23', 'allUsers');
INSERT INTO sessions(key, expiry, device_id, object_id) VALUES('DleP4bOiADOSsTnkQ954', '2022-10-07T17:52:08.862299Z', 139, '112817585282727384553');
INSERT INTO session_access_group_ids(session_key, group_id) VALUES('DleP4bOiADOSsTnkQ954', 'allUsers');
INSERT INTO sessions(key, expiry, device_id, object_id) VALUES('IqAiKRIyS4ClxaF5blG1', '2022-10-07T21:06:14.357327Z', 172, '116795182350144818357');
INSERT INTO session_access_group_ids(session_key, group_id) VALUES('IqAiKRIyS4ClxaF5blG1', 'allUsers');
INSERT INTO sessions(key, expiry, device_id, object_id) VALUES('rH2huKMVNxz3jPP7MHiz', '2022-10-07T21:23:51.959711Z', 172, '116795182350144818357');
INSERT INTO session_access_group_ids(session_key, group_id) VALUES('rH2huKMVNxz3jPP7MHiz', 'allUsers');
INSERT INTO sessions(key, expiry, device_id, object_id) VALUES('nsnSahNbCrpA1nvZoyfS', '2022-10-07T21:34:33.669491Z', 172, '116795182350144818357');
INSERT INTO session_access_group_ids(session_key, group_id) VALUES('nsnSahNbCrpA1nvZoyfS', 'allUsers');
INSERT INTO sessions(key, expiry, device_id, object_id) VALUES('QnoNXAwKiakywpcgZFdr', '2022-10-07T22:01:03.824838Z', 172, '116795182350144818357');
INSERT INTO session_access_group_ids(session_key, group_id) VALUES('QnoNXAwKiakywpcgZFdr', 'allUsers');
INSERT INTO sessions(key, expiry, device_id, object_id) VALUES('O2P2TIxEnQpANNVpQwDp', '2022-10-07T22:37:10.656295Z', 8, '100985683022959439933');
INSERT INTO session_access_group_ids(session_key, group_id) VALUES('O2P2TIxEnQpANNVpQwDp', 'allUsers');
INSERT INTO sessions(key, expiry, device_id, object_id) VALUES('HfoLgpEmAiyvjKZj9OxP', '2022-10-09T23:23:45.519964Z', 172, '116795182350144818357');
INSERT INTO session_access_group_ids(session_key, group_id) VALUES('HfoLgpEmAiyvjKZj9OxP', 'allUsers');
INSERT INTO sessions(key, expiry, device_id, object_id) VALUES('eMfQGh4zZ1kDkuDewPZd', '2022-10-11T17:52:26.189302Z', 172, '116795182350144818357');
INSERT INTO session_access_group_ids(session_key, group_id) VALUES('eMfQGh4zZ1kDkuDewPZd', 'allUsers');
INSERT INTO sessions(key, expiry, device_id, object_id) VALUES('jNDYLYQuTw1ECAXajrXP', '2022-10-11T21:32:36.348675Z', 76, '100991410869791331471');
INSERT INTO session_access_group_ids(session_key, group_id) VALUES('jNDYLYQuTw1ECAXajrXP', 'allUsers');
INSERT INTO sessions(key, expiry, device_id, object_id) VALUES('PvkWCpBRaUO864zITvnv', '2022-10-11T21:58:59.967238Z', 76, '100991410869791331471');
INSERT INTO session_access_group_ids(session_key, group_id) VALUES('PvkWCpBRaUO864zITvnv', 'allUsers');
INSERT INTO sessions(key, expiry, device_id, object_id) VALUES('ET5RbdmRyzdXz6dGwCum', '2022-10-11T21:59:34.869168Z', 87, '112867350575431171492');
INSERT INTO session_access_group_ids(session_key, group_id) VALUES('ET5RbdmRyzdXz6dGwCum', 'allUsers');
INSERT INTO sessions(key, expiry, device_id, object_id) VALUES('iIw6Kl0E5eYItf0402ZG', '2022-10-11T22:35:53.821746Z', 145, '110197187571246827470');
INSERT INTO session_access_group_ids(session_key, group_id) VALUES('iIw6Kl0E5eYItf0402ZG', 'allUsers');
INSERT INTO sessions(key, expiry, device_id, object_id) VALUES('gSPIoFq2ThQUdXIFw10R', '2022-10-11T23:03:27.636133Z', 145, '110197187571246827470');
INSERT INTO session_access_group_ids(session_key, group_id) VALUES('gSPIoFq2ThQUdXIFw10R', 'allUsers');
INSERT INTO sessions(key, expiry, device_id, object_id) VALUES('TbbBwpJKNW7XmHLsm2TH', '2022-10-11T23:21:09.757601Z', 145, '110197187571246827470');
INSERT INTO session_access_group_ids(session_key, group_id) VALUES('TbbBwpJKNW7XmHLsm2TH', 'allUsers');
INSERT INTO sessions(key, expiry, device_id, object_id) VALUES('IViSQQyE6ZKdXBX39PPS', '2022-10-13T22:33:51.163103Z', 139, '112817585282727384553');
INSERT INTO session_access_group_ids(session_key, group_id) VALUES('IViSQQyE6ZKdXBX39PPS', 'allUsers');
INSERT INTO sessions(key, expiry, device_id, object_id) VALUES('fU60qmPXecWdiblXXWj5', '2022-10-13T22:35:09.493357Z', 79, '118030630721247338647');
INSERT INTO session_access_group_ids(session_key, group_id) VALUES('fU60qmPXecWdiblXXWj5', 'allUsers');
INSERT INTO sessions(key, expiry, device_id, object_id) VALUES('yCOf29Yc1OvIZAGZugbp', '2022-10-13T22:49:20.238709Z', 172, '116795182350144818357');
INSERT INTO session_access_group_ids(session_key, group_id) VALUES('yCOf29Yc1OvIZAGZugbp', 'allUsers');
INSERT INTO sessions(key, expiry, device_id, object_id) VALUES('iJgIvqB5y4DDBv88EqeW', '2022-10-13T23:17:34.490581Z', 172, '116795182350144818357');
INSERT INTO session_access_group_ids(session_key, group_id) VALUES('iJgIvqB5y4DDBv88EqeW', 'allUsers');
INSERT INTO sessions(key, expiry, device_id, object_id) VALUES('xUU99MzrQ1QDsnigMuNp', '2022-10-14T05:50:53.449142Z', 87, '112867350575431171492');
INSERT INTO session_access_group_ids(session_key, group_id) VALUES('xUU99MzrQ1QDsnigMuNp', 'allUsers');
INSERT INTO sessions(key, expiry, device_id, object_id) VALUES('8FUH5g0JeLF9fhINK52B', '2022-10-14T17:06:28.545836Z', 186, '102025101977267805051');
INSERT INTO session_access_group_ids(session_key, group_id) VALUES('8FUH5g0JeLF9fhINK52B', 'allUsers');
INSERT INTO sessions(key, expiry, device_id, object_id) VALUES('nCB9sInQ7Njqyt3LKyGw', '2022-10-14T17:15:54.209057Z', 79, '118030630721247338647');
INSERT INTO session_access_group_ids(session_key, group_id) VALUES('nCB9sInQ7Njqyt3LKyGw', 'allUsers');
INSERT INTO sessions(key, expiry, device_id, object_id) VALUES('jTSBkr13YwJYgNuVS7VB', '2022-10-14T17:19:05.290888Z', 172, '116795182350144818357');
INSERT INTO session_access_group_ids(session_key, group_id) VALUES('jTSBkr13YwJYgNuVS7VB', 'allUsers');
INSERT INTO sessions(key, expiry, device_id, object_id) VALUES('6VypK0aAivtDUZIukaCW', '2022-10-14T20:43:38.271617Z', 139, '112817585282727384553');
INSERT INTO session_access_group_ids(session_key, group_id) VALUES('6VypK0aAivtDUZIukaCW', 'allUsers');
INSERT INTO sessions(key, expiry, device_id, object_id) VALUES('ESs6e7xN1xA2zoPWc5OH', '2022-10-15T00:52:17.422848Z', 172, '116795182350144818357');
INSERT INTO session_access_group_ids(session_key, group_id) VALUES('ESs6e7xN1xA2zoPWc5OH', 'allUsers');
INSERT INTO sessions(key, expiry, device_id, object_id) VALUES('DUo8av6vt02rCzAFHlRD', '2022-10-17T19:33:53.988681Z', 139, '112817585282727384553');
INSERT INTO session_access_group_ids(session_key, group_id) VALUES('DUo8av6vt02rCzAFHlRD', 'allUsers');
INSERT INTO sessions(key, expiry, device_id, object_id) VALUES('1lU3alLuGsvWO2YG91pi', '2022-10-17T20:53:46.615915Z', 291, '108609806225848391376');
INSERT INTO session_access_group_ids(session_key, group_id) VALUES('1lU3alLuGsvWO2YG91pi', 'allUsers');
INSERT INTO sessions(key, expiry, device_id, object_id) VALUES('YVqOCWa3J0rEHrbwIThO', '2022-10-17T21:06:52.108882Z', 291, '108609806225848391376');
INSERT INTO session_access_group_ids(session_key, group_id) VALUES('YVqOCWa3J0rEHrbwIThO', 'allUsers');
INSERT INTO sessions(key, expiry, device_id, object_id) VALUES('hnCfcKlxViTv219BDPYD', '2022-10-17T21:26:52.328663Z', 291, '108609806225848391376');
INSERT INTO session_access_group_ids(session_key, group_id) VALUES('hnCfcKlxViTv219BDPYD', 'allUsers');
INSERT INTO sessions(key, expiry, device_id, object_id) VALUES('HjMrt8urWY7CMrG1VzUk', '2022-10-17T21:33:32.932543Z', 291, '108609806225848391376');
INSERT INTO session_access_group_ids(session_key, group_id) VALUES('HjMrt8urWY7CMrG1VzUk', 'allUsers');
INSERT INTO sessions(key, expiry, device_id, object_id) VALUES('4oUDGYlXL0UWeAwop3MU', '2022-10-17T21:33:55.808818Z', 291, '108609806225848391376');
INSERT INTO session_access_group_ids(session_key, group_id) VALUES('4oUDGYlXL0UWeAwop3MU', 'allUsers');
INSERT INTO sessions(key, expiry, device_id, object_id) VALUES('oPz5u7Kvcmi9qHhUnoJz', '2022-10-17T21:35:39.681901Z', 291, '108609806225848391376');
INSERT INTO session_access_group_ids(session_key, group_id) VALUES('oPz5u7Kvcmi9qHhUnoJz', 'allUsers');
INSERT INTO sessions(key, expiry, device_id, object_id) VALUES('cTCfZi07LOfWEelyRZr1', '2022-10-17T21:43:34.099635Z', 291, '108609806225848391376');
INSERT INTO session_access_group_ids(session_key, group_id) VALUES('cTCfZi07LOfWEelyRZr1', 'allUsers');
INSERT INTO sessions(key, expiry, device_id, object_id) VALUES('MH4pXh0owL2MTntGOhZs', '2022-10-17T21:50:12.803017Z', 291, '108609806225848391376');
INSERT INTO session_access_group_ids(session_key, group_id) VALUES('MH4pXh0owL2MTntGOhZs', 'allUsers');
INSERT INTO sessions(key, expiry, device_id, object_id) VALUES('W9TsO4AvN7fdzqnJaKBk', '2022-10-17T21:51:29.470802Z', 172, '116795182350144818357');
INSERT INTO session_access_group_ids(session_key, group_id) VALUES('W9TsO4AvN7fdzqnJaKBk', 'allUsers');
INSERT INTO sessions(key, expiry, device_id, object_id) VALUES('rhUCtWGUBHfvVeI2TIXj', '2022-10-17T23:24:28.707947Z', 20, '112665949801795306885');
INSERT INTO session_access_group_ids(session_key, group_id) VALUES('rhUCtWGUBHfvVeI2TIXj', 'allUsers');
INSERT INTO sessions(key, expiry, device_id, object_id) VALUES('MZYiveUck5KOASsdeTq8', '2022-10-18T18:11:30.015441Z', 172, '116795182350144818357');
INSERT INTO session_access_group_ids(session_key, group_id) VALUES('MZYiveUck5KOASsdeTq8', 'allUsers');
INSERT INTO sessions(key, expiry, device_id, object_id) VALUES('Z1pFLuUWFcIqArVrHTo8', '2022-10-19T18:32:52.546867Z', 172, '116795182350144818357');
INSERT INTO session_access_group_ids(session_key, group_id) VALUES('Z1pFLuUWFcIqArVrHTo8', 'allUsers');
INSERT INTO sessions(key, expiry, device_id, object_id) VALUES('IkzueDDKKJxyJInTBuCm', '2022-10-19T20:22:19.014291Z', 139, '112817585282727384553');
INSERT INTO session_access_group_ids(session_key, group_id) VALUES('IkzueDDKKJxyJInTBuCm', 'allUsers');
INSERT INTO sessions(key, expiry, device_id, object_id) VALUES('wHaN6RbYNV2zBVnb4AbL', '2022-10-19T20:25:37.873361Z', 139, '112817585282727384553');
INSERT INTO session_access_group_ids(session_key, group_id) VALUES('wHaN6RbYNV2zBVnb4AbL', 'allUsers');
INSERT INTO sessions(key, expiry, device_id, object_id) VALUES('B2BQGrv1GmCyAgDkhKRx', '2022-10-19T20:27:44.187304Z', 8, '100985683022959439933');
INSERT INTO session_access_group_ids(session_key, group_id) VALUES('B2BQGrv1GmCyAgDkhKRx', 'allUsers');
INSERT INTO sessions(key, expiry, device_id, object_id) VALUES('lPkmX1Qr31BpHlon8WT6', '2022-10-19T21:07:31.310529Z', 172, '116795182350144818357');
INSERT INTO session_access_group_ids(session_key, group_id) VALUES('lPkmX1Qr31BpHlon8WT6', 'allUsers');
INSERT INTO sessions(key, expiry, device_id, object_id) VALUES('7q3KtI3r42KkAmtB3CAD', '2022-10-19T22:01:46.877472Z', 172, '116795182350144818357');
INSERT INTO session_access_group_ids(session_key, group_id) VALUES('7q3KtI3r42KkAmtB3CAD', 'allUsers');
INSERT INTO sessions(key, expiry, device_id, object_id) VALUES('ymtJ9qkXAFUKUhOYUrn9', '2022-10-20T23:21:01.957496Z', 8, '100985683022959439933');
INSERT INTO session_access_group_ids(session_key, group_id) VALUES('ymtJ9qkXAFUKUhOYUrn9', 'allUsers');
INSERT INTO sessions(key, expiry, device_id, object_id) VALUES('C7Q8UlVOTaNgDoHVCSIn', '2022-10-24T19:59:42.316661Z', 301, '118379929437477700289');
INSERT INTO session_access_group_ids(session_key, group_id) VALUES('C7Q8UlVOTaNgDoHVCSIn', 'allUsers');
INSERT INTO sessions(key, expiry, device_id, object_id) VALUES('J1xvbxzRRhnUfugZwtTy', '2022-10-24T20:00:23.460823Z', 301, '118379929437477700289');
INSERT INTO session_access_group_ids(session_key, group_id) VALUES('J1xvbxzRRhnUfugZwtTy', 'allUsers');
INSERT INTO sessions(key, expiry, device_id, object_id) VALUES('hn5wwzBsOkjcnIMbzqfa', '2022-10-24T20:00:43.012929Z', 301, '118379929437477700289');
INSERT INTO session_access_group_ids(session_key, group_id) VALUES('hn5wwzBsOkjcnIMbzqfa', 'allUsers');
INSERT INTO sessions(key, expiry, device_id, object_id) VALUES('GXyMlCFNrozS43hgy23I', '2022-10-24T20:01:01.897303Z', 301, '118379929437477700289');
INSERT INTO session_access_group_ids(session_key, group_id) VALUES('GXyMlCFNrozS43hgy23I', 'allUsers');
INSERT INTO sessions(key, expiry, device_id, object_id) VALUES('ZWsP13RxMjo1KwhG7soD', '2022-10-24T20:08:25.804041Z', 301, '118379929437477700289');
INSERT INTO session_access_group_ids(session_key, group_id) VALUES('ZWsP13RxMjo1KwhG7soD', 'allUsers');
INSERT INTO sessions(key, expiry, device_id, object_id) VALUES('VdhyXzNxBzWmOZbUfFkQ', '2022-10-24T20:09:18.186652Z', 301, '118379929437477700289');
INSERT INTO session_access_group_ids(session_key, group_id) VALUES('VdhyXzNxBzWmOZbUfFkQ', 'allUsers');
INSERT INTO sessions(key, expiry, device_id, object_id) VALUES('XkZv87ShokRcDNHjUT1Y', '2022-10-24T20:13:41.841127Z', 301, '118379929437477700289');
INSERT INTO session_access_group_ids(session_key, group_id) VALUES('XkZv87ShokRcDNHjUT1Y', 'allUsers');
INSERT INTO sessions(key, expiry, device_id, object_id) VALUES('ynuhbZc8VKn2n08I1wU3', '2022-10-26T17:53:05.543574Z', 8, '100985683022959439933');
INSERT INTO session_access_group_ids(session_key, group_id) VALUES('ynuhbZc8VKn2n08I1wU3', 'allUsers');
INSERT INTO sessions(key, expiry, device_id, object_id) VALUES('s54SB5G0bAvpii5jgKGv', '2022-10-27T18:12:35.867914Z', 20, '112665949801795306885');
INSERT INTO session_access_group_ids(session_key, group_id) VALUES('s54SB5G0bAvpii5jgKGv', 'allUsers');
INSERT INTO sessions(key, expiry, device_id, object_id) VALUES('9iJhdVPSpcwj4z0k8ajV', '2022-10-27T20:20:16.366516Z', 172, '116795182350144818357');
INSERT INTO session_access_group_ids(session_key, group_id) VALUES('9iJhdVPSpcwj4z0k8ajV', 'allUsers');
INSERT INTO sessions(key, expiry, device_id, object_id) VALUES('R4GvO778p1w5EC84dYAk', '2022-10-27T20:26:36.322604Z', 172, '116795182350144818357');
INSERT INTO session_access_group_ids(session_key, group_id) VALUES('R4GvO778p1w5EC84dYAk', 'allUsers');
INSERT INTO sessions(key, expiry, device_id, object_id) VALUES('0ZdHEXrgWS98MNDOHXXs', '2022-10-27T20:29:29.885027Z', 172, '116795182350144818357');
INSERT INTO session_access_group_ids(session_key, group_id) VALUES('0ZdHEXrgWS98MNDOHXXs', 'allUsers');
INSERT INTO sessions(key, expiry, device_id, object_id) VALUES('mz9u6Rsvn9Tz5vJWzYnN', '2022-10-27T20:35:36.652585Z', 172, '116795182350144818357');
INSERT INTO session_access_group_ids(session_key, group_id) VALUES('mz9u6Rsvn9Tz5vJWzYnN', 'allUsers');
INSERT INTO sessions(key, expiry, device_id, object_id) VALUES('yzIu8BOwNmnUeoL1qKDe', '2022-10-27T20:37:45.292636Z', 172, '116795182350144818357');
INSERT INTO session_access_group_ids(session_key, group_id) VALUES('yzIu8BOwNmnUeoL1qKDe', 'allUsers');
INSERT INTO sessions(key, expiry, device_id, object_id) VALUES('CSdJIHoB68KRiXNTbNgy', '2022-10-27T20:38:22.905922Z', 172, '116795182350144818357');
INSERT INTO session_access_group_ids(session_key, group_id) VALUES('CSdJIHoB68KRiXNTbNgy', 'allUsers');
INSERT INTO sessions(key, expiry, device_id, object_id) VALUES('kchJmf6tTLCb9WsSYxbQ', '2022-10-27T20:44:55.304544Z', 8, '100985683022959439933');
INSERT INTO session_access_group_ids(session_key, group_id) VALUES('kchJmf6tTLCb9WsSYxbQ', 'allUsers');
INSERT INTO sessions(key, expiry, device_id, object_id) VALUES('exai7GogAQo64phgZzgd', '2022-10-27T21:14:05.13813Z', 186, '102025101977267805051');
INSERT INTO session_access_group_ids(session_key, group_id) VALUES('exai7GogAQo64phgZzgd', 'allUsers');
INSERT INTO sessions(key, expiry, device_id, object_id) VALUES('R6tl7AHpUzcBUPYIqPcW', '2022-10-28T17:28:52.71684Z', 8, '100985683022959439933');
INSERT INTO session_access_group_ids(session_key, group_id) VALUES('R6tl7AHpUzcBUPYIqPcW', 'allUsers');
INSERT INTO sessions(key, expiry, device_id, object_id) VALUES('z6wp8s0sd7r70PFgzBtq', '2022-10-28T19:06:56.73504Z', 317, '115979222766842651120');
INSERT INTO session_access_group_ids(session_key, group_id) VALUES('z6wp8s0sd7r70PFgzBtq', 'allUsers');
INSERT INTO sessions(key, expiry, device_id, object_id) VALUES('Otonr8lbrGjqOMtAQ5Rr', '2022-10-28T20:19:34.413301Z', 8, '100985683022959439933');
INSERT INTO session_access_group_ids(session_key, group_id) VALUES('Otonr8lbrGjqOMtAQ5Rr', 'allUsers');
INSERT INTO sessions(key, expiry, device_id, object_id) VALUES('3phV7QWoENbYs9QY8gyQ', '2022-11-01T01:22:28.664594Z', 8, '100985683022959439933');
INSERT INTO session_access_group_ids(session_key, group_id) VALUES('3phV7QWoENbYs9QY8gyQ', 'allUsers');
INSERT INTO sessions(key, expiry, device_id, object_id) VALUES('D8hq5ccH3rqo1wOimujp', '2022-11-01T20:33:10.957209Z', 8, '100985683022959439933');
INSERT INTO session_access_group_ids(session_key, group_id) VALUES('D8hq5ccH3rqo1wOimujp', 'allUsers');
INSERT INTO sessions(key, expiry, device_id, object_id) VALUES('uIS00p4kZ1ZXcUAJNxr9', '2022-11-02T04:09:30.076176Z', 172, '116795182350144818357');
INSERT INTO session_access_group_ids(session_key, group_id) VALUES('uIS00p4kZ1ZXcUAJNxr9', 'allUsers');
INSERT INTO sessions(key, expiry, device_id, object_id) VALUES('ugIdhglxe4tgVJJKrfU5', '2022-11-02T19:28:22.405405Z', 8, '100985683022959439933');
INSERT INTO session_access_group_ids(session_key, group_id) VALUES('ugIdhglxe4tgVJJKrfU5', 'allUsers');
INSERT INTO sessions(key, expiry, device_id, object_id) VALUES('XXkqZto3LsQCtdLBUIrB', '2022-11-02T23:11:08.035337Z', 8, '100985683022959439933');
INSERT INTO session_access_group_ids(session_key, group_id) VALUES('XXkqZto3LsQCtdLBUIrB', 'allUsers');
INSERT INTO sessions(key, expiry, device_id, object_id) VALUES('1sMaXCnIuZ0oPx6kcRgb', '2022-11-03T03:00:37.917366Z', 172, '116795182350144818357');
INSERT INTO session_access_group_ids(session_key, group_id) VALUES('1sMaXCnIuZ0oPx6kcRgb', 'allUsers');
INSERT INTO sessions(key, expiry, device_id, object_id) VALUES('qhnRFZuK2sFN2mDbXf5k', '2022-11-03T19:06:45.684042Z', 172, '116795182350144818357');
INSERT INTO session_access_group_ids(session_key, group_id) VALUES('qhnRFZuK2sFN2mDbXf5k', 'allUsers');
INSERT INTO sessions(key, expiry, device_id, object_id) VALUES('C2BYf9B3rIQWHvejraeA', '2022-11-04T02:26:03.377677Z', 172, '116795182350144818357');
INSERT INTO session_access_group_ids(session_key, group_id) VALUES('C2BYf9B3rIQWHvejraeA', 'allUsers');
INSERT INTO sessions(key, expiry, device_id, object_id) VALUES('sLoiRcyzr5YpDZiJXDIy', '2022-11-04T03:42:51.476508Z', 172, '116795182350144818357');
INSERT INTO session_access_group_ids(session_key, group_id) VALUES('sLoiRcyzr5YpDZiJXDIy', 'allUsers');
INSERT INTO sessions(key, expiry, device_id, object_id) VALUES('X1HftG38BzvQPdxJzhyL', '2022-11-04T05:05:03.28602Z', 172, '116795182350144818357');
INSERT INTO session_access_group_ids(session_key, group_id) VALUES('X1HftG38BzvQPdxJzhyL', 'allUsers');
INSERT INTO sessions(key, expiry, device_id, object_id) VALUES('2UeKkrMJmuHteXIAc7fE', '2022-11-07T22:36:43.420853Z', 8, '100985683022959439933');
INSERT INTO session_access_group_ids(session_key, group_id) VALUES('2UeKkrMJmuHteXIAc7fE', 'allUsers');
INSERT INTO sessions(key, expiry, device_id, object_id) VALUES('K0XiLlyUWOqZu6BzYkL9', '2022-11-09T08:15:57.317547Z', 20, '112665949801795306885');
INSERT INTO session_access_group_ids(session_key, group_id) VALUES('K0XiLlyUWOqZu6BzYkL9', 'allUsers');
INSERT INTO sessions(key, expiry, device_id, object_id) VALUES('yyQbHfvYGeDdR9eYsJVm', '2022-11-10T02:51:15.265693Z', 8, '100985683022959439933');
INSERT INTO session_access_group_ids(session_key, group_id) VALUES('yyQbHfvYGeDdR9eYsJVm', 'allUsers');
INSERT INTO sessions(key, expiry, device_id, object_id) VALUES('FUu48WrCqh5dDOtLviA6', '2022-11-10T21:09:44.673469Z', 8, '100985683022959439933');
INSERT INTO session_access_group_ids(session_key, group_id) VALUES('FUu48WrCqh5dDOtLviA6', 'allUsers');
INSERT INTO sessions(key, expiry, device_id, object_id) VALUES('PqP8zYVu9bClBqfNSEYJ', '2022-11-10T22:13:38.426101Z', 139, '112817585282727384553');
INSERT INTO session_access_group_ids(session_key, group_id) VALUES('PqP8zYVu9bClBqfNSEYJ', 'allUsers');
INSERT INTO sessions(key, expiry, device_id, object_id) VALUES('NxmdtcQDk9BUUPuQNpU6', '2022-11-10T22:38:28.871897Z', 76, '100991410869791331471');
INSERT INTO session_access_group_ids(session_key, group_id) VALUES('NxmdtcQDk9BUUPuQNpU6', 'allUsers');
INSERT INTO sessions(key, expiry, device_id, object_id) VALUES('OrJqoZXELE9I1tDHvHsm', '2022-11-11T00:27:33.715293Z', 139, '112817585282727384553');
INSERT INTO session_access_group_ids(session_key, group_id) VALUES('OrJqoZXELE9I1tDHvHsm', 'allUsers');
INSERT INTO sessions(key, expiry, device_id, object_id) VALUES('64D5OUA6RaN9V4BZoNnY', '2022-11-11T00:29:58.053541Z', 139, '112817585282727384553');
INSERT INTO session_access_group_ids(session_key, group_id) VALUES('64D5OUA6RaN9V4BZoNnY', 'allUsers');
INSERT INTO sessions(key, expiry, device_id, object_id) VALUES('oxHKtKVZAuhtiwA7etdz', '2022-11-11T00:34:36.790339Z', 139, '112817585282727384553');
INSERT INTO session_access_group_ids(session_key, group_id) VALUES('oxHKtKVZAuhtiwA7etdz', 'allUsers');
INSERT INTO sessions(key, expiry, device_id, object_id) VALUES('3GCwTtq6qZv1fmnTj93J', '2022-11-11T01:19:48.944136Z', 301, '118379929437477700289');
INSERT INTO session_access_group_ids(session_key, group_id) VALUES('3GCwTtq6qZv1fmnTj93J', 'allUsers');
INSERT INTO sessions(key, expiry, device_id, object_id) VALUES('faAcuvVPdriv9anHWPOI', '2022-11-11T19:44:22.119315Z', 139, '112817585282727384553');
INSERT INTO session_access_group_ids(session_key, group_id) VALUES('faAcuvVPdriv9anHWPOI', 'allUsers');
INSERT INTO sessions(key, expiry, device_id, object_id) VALUES('rUgXNL7QMipMJRKcfskt', '2022-11-11T19:44:38.239478Z', 8, '100985683022959439933');
INSERT INTO session_access_group_ids(session_key, group_id) VALUES('rUgXNL7QMipMJRKcfskt', 'allUsers');
INSERT INTO sessions(key, expiry, device_id, object_id) VALUES('Qmnuoo5hJG6TJ8vgKx7i', '2022-11-11T20:05:47.366215Z', 139, '112817585282727384553');
INSERT INTO session_access_group_ids(session_key, group_id) VALUES('Qmnuoo5hJG6TJ8vgKx7i', 'allUsers');
INSERT INTO sessions(key, expiry, device_id, object_id) VALUES('0YI6X0MotMyCPmBHYRcF', '2022-11-11T20:10:29.768216Z', 139, '112817585282727384553');
INSERT INTO session_access_group_ids(session_key, group_id) VALUES('0YI6X0MotMyCPmBHYRcF', 'allUsers');
INSERT INTO sessions(key, expiry, device_id, object_id) VALUES('RAkaQWYNSuenQahwkrse', '2022-11-11T20:12:04.471712Z', 301, '118379929437477700289');
INSERT INTO session_access_group_ids(session_key, group_id) VALUES('RAkaQWYNSuenQahwkrse', 'allUsers');
INSERT INTO sessions(key, expiry, device_id, object_id) VALUES('PU1CALUSfxGGIpDuKHkx', '2022-11-11T21:45:44.057655Z', 139, '112817585282727384553');
INSERT INTO session_access_group_ids(session_key, group_id) VALUES('PU1CALUSfxGGIpDuKHkx', 'allUsers');
INSERT INTO sessions(key, expiry, device_id, object_id) VALUES('EicZ1hitmf6vM2W89AuM', '2022-11-11T21:59:32.212162Z', 139, '112817585282727384553');
INSERT INTO session_access_group_ids(session_key, group_id) VALUES('EicZ1hitmf6vM2W89AuM', 'allUsers');
INSERT INTO sessions(key, expiry, device_id, object_id) VALUES('OqeYvovMHaM8xEN381PW', '2022-11-11T22:08:14.494686Z', 139, '112817585282727384553');
INSERT INTO session_access_group_ids(session_key, group_id) VALUES('OqeYvovMHaM8xEN381PW', 'allUsers');
INSERT INTO sessions(key, expiry, device_id, object_id) VALUES('16BThqaLQqwRL6R2iV01', '2022-11-11T22:37:05.562426Z', 139, '112817585282727384553');
INSERT INTO session_access_group_ids(session_key, group_id) VALUES('16BThqaLQqwRL6R2iV01', 'allUsers');
INSERT INTO sessions(key, expiry, device_id, object_id) VALUES('FDIvSC6MTKHTDvgeMv6t', '2022-11-11T22:44:38.703386Z', 8, '100985683022959439933');
INSERT INTO session_access_group_ids(session_key, group_id) VALUES('FDIvSC6MTKHTDvgeMv6t', 'allUsers');
INSERT INTO sessions(key, expiry, device_id, object_id) VALUES('p2e14Lh8dafuo2LIo7Ga', '2022-11-11T22:48:06.528003Z', 301, '118379929437477700289');
INSERT INTO session_access_group_ids(session_key, group_id) VALUES('p2e14Lh8dafuo2LIo7Ga', 'allUsers');
INSERT INTO sessions(key, expiry, device_id, object_id) VALUES('y13qkttvrxLUai3bXsQV', '2022-11-12T18:21:06.895616Z', 301, '118379929437477700289');
INSERT INTO session_access_group_ids(session_key, group_id) VALUES('y13qkttvrxLUai3bXsQV', 'allUsers');
INSERT INTO sessions(key, expiry, device_id, object_id) VALUES('1Ygc9aPwYgrEdbMsJapF', '2022-11-04T18:48:30.67123Z', 172, '116795182350144818357');
INSERT INTO session_access_group_ids(session_key, group_id) VALUES('1Ygc9aPwYgrEdbMsJapF', 'allUsers');
INSERT INTO sessions(key, expiry, device_id, object_id) VALUES('AaIfzejICjYhAoaiGrUL', '2022-11-04T19:52:51.797229Z', 301, '118379929437477700289');
INSERT INTO session_access_group_ids(session_key, group_id) VALUES('AaIfzejICjYhAoaiGrUL', 'allUsers');
INSERT INTO sessions(key, expiry, device_id, object_id) VALUES('Wp36cGWyMDHCitqJJgNE', '2022-11-08T17:22:57.971083Z', 301, '118379929437477700289');
INSERT INTO session_access_group_ids(session_key, group_id) VALUES('Wp36cGWyMDHCitqJJgNE', 'allUsers');
INSERT INTO sessions(key, expiry, device_id, object_id) VALUES('NDBzgTKdzIhGMamuLyC4', '2022-11-08T17:34:07.287223Z', 301, '118379929437477700289');
INSERT INTO session_access_group_ids(session_key, group_id) VALUES('NDBzgTKdzIhGMamuLyC4', 'allUsers');
INSERT INTO sessions(key, expiry, device_id, object_id) VALUES('vaUaOoaxAV5M4oEkwGiD', '2022-11-08T17:34:56.394551Z', 301, '118379929437477700289');
INSERT INTO session_access_group_ids(session_key, group_id) VALUES('vaUaOoaxAV5M4oEkwGiD', 'allUsers');
INSERT INTO sessions(key, expiry, device_id, object_id) VALUES('bSFGBvKLepsCjny1JQpu', '2022-11-08T17:42:45.799411Z', 301, '118379929437477700289');
INSERT INTO session_access_group_ids(session_key, group_id) VALUES('bSFGBvKLepsCjny1JQpu', 'allUsers');
INSERT INTO sessions(key, expiry, device_id, object_id) VALUES('XNdb5rBFGbQfWkswzQC5', '2022-11-08T17:53:49.307985Z', 301, '118379929437477700289');
INSERT INTO session_access_group_ids(session_key, group_id) VALUES('XNdb5rBFGbQfWkswzQC5', 'allUsers');
INSERT INTO sessions(key, expiry, device_id, object_id) VALUES('ZivVILGgFzlr6jXVwWzD', '2022-11-08T17:59:43.596816Z', 301, '118379929437477700289');
INSERT INTO session_access_group_ids(session_key, group_id) VALUES('ZivVILGgFzlr6jXVwWzD', 'allUsers');
INSERT INTO sessions(key, expiry, device_id, object_id) VALUES('LUdPynjOoIVvHT9zhqZJ', '2022-11-08T18:28:15.933661Z', 301, '118379929437477700289');
INSERT INTO session_access_group_ids(session_key, group_id) VALUES('LUdPynjOoIVvHT9zhqZJ', 'allUsers');
INSERT INTO sessions(key, expiry, device_id, object_id) VALUES('oOHb0QVT477WxfguPSxq', '2022-11-08T22:05:22.159519Z', 8, '100985683022959439933');
INSERT INTO session_access_group_ids(session_key, group_id) VALUES('oOHb0QVT477WxfguPSxq', 'allUsers');
INSERT INTO sessions(key, expiry, device_id, object_id) VALUES('HIJIQ7GFeLtzhGZVOcyE', '2022-11-14T23:42:58.889633Z', 8, '100985683022959439933');
INSERT INTO session_access_group_ids(session_key, group_id) VALUES('HIJIQ7GFeLtzhGZVOcyE', 'allUsers');
INSERT INTO sessions(key, expiry, device_id, object_id) VALUES('sA0EWQY2lpkJIzcpI8Qt', '2022-11-15T01:02:57.338438Z', 139, '112817585282727384553');
INSERT INTO session_access_group_ids(session_key, group_id) VALUES('sA0EWQY2lpkJIzcpI8Qt', 'allUsers');
INSERT INTO sessions(key, expiry, device_id, object_id) VALUES('j48psRGsKTz44vlNg8gc', '2022-11-15T21:50:01.946609Z', 139, '112817585282727384553');
INSERT INTO session_access_group_ids(session_key, group_id) VALUES('j48psRGsKTz44vlNg8gc', 'allUsers');
INSERT INTO sessions(key, expiry, device_id, object_id) VALUES('WYwhEnQ2oi8RT8urBL9B', '2022-11-16T19:27:23.288357Z', 301, '118379929437477700289');
INSERT INTO session_access_group_ids(session_key, group_id) VALUES('WYwhEnQ2oi8RT8urBL9B', 'allUsers');
INSERT INTO sessions(key, expiry, device_id, object_id) VALUES('XdxXDNpTXgrUjrMnOYeB', '2022-11-16T19:47:24.745897Z', 301, '118379929437477700289');
INSERT INTO session_access_group_ids(session_key, group_id) VALUES('XdxXDNpTXgrUjrMnOYeB', 'allUsers');
INSERT INTO sessions(key, expiry, device_id, object_id) VALUES('pKVH1Mb8NJq5D2m8Fxig', '2022-11-17T01:28:00.586434Z', 139, '112817585282727384553');
INSERT INTO session_access_group_ids(session_key, group_id) VALUES('pKVH1Mb8NJq5D2m8Fxig', 'allUsers');
INSERT INTO sessions(key, expiry, device_id, object_id) VALUES('7GFOtqz54OdKel63r1C7', '2022-11-17T19:39:13.451135Z', 139, '112817585282727384553');
INSERT INTO session_access_group_ids(session_key, group_id) VALUES('7GFOtqz54OdKel63r1C7', 'allUsers');
INSERT INTO sessions(key, expiry, device_id, object_id) VALUES('xnUePtKWron02LK6AwXV', '2022-11-17T20:13:48.781201Z', 139, '112817585282727384553');
INSERT INTO session_access_group_ids(session_key, group_id) VALUES('xnUePtKWron02LK6AwXV', 'allUsers');
INSERT INTO sessions(key, expiry, device_id, object_id) VALUES('y9TorgcynfyYZB8ANoLf', '2022-11-17T20:58:09.461177Z', 301, '118379929437477700289');
INSERT INTO session_access_group_ids(session_key, group_id) VALUES('y9TorgcynfyYZB8ANoLf', 'allUsers');
INSERT INTO sessions(key, expiry, device_id, object_id) VALUES('yimoZGboq6NtjTNXBUqQ', '2022-11-17T21:00:20.12782Z', 301, '118379929437477700289');
INSERT INTO session_access_group_ids(session_key, group_id) VALUES('yimoZGboq6NtjTNXBUqQ', 'allUsers');
INSERT INTO sessions(key, expiry, device_id, object_id) VALUES('63bYDlQXOOVyNBsjEyxc', '2022-11-18T22:41:17.90547Z', 139, '112817585282727384553');
INSERT INTO session_access_group_ids(session_key, group_id) VALUES('63bYDlQXOOVyNBsjEyxc', 'allUsers');
INSERT INTO sessions(key, expiry, device_id, object_id) VALUES('SpAiloVXAZeRdnolJyMC', '2022-11-18T22:45:21.713794Z', 139, '112817585282727384553');
INSERT INTO session_access_group_ids(session_key, group_id) VALUES('SpAiloVXAZeRdnolJyMC', 'allUsers');
INSERT INTO sessions(key, expiry, device_id, object_id) VALUES('S7m36Uf6GfJGuIlEID81', '2022-11-18T22:47:43.066137Z', 139, '112817585282727384553');
INSERT INTO session_access_group_ids(session_key, group_id) VALUES('S7m36Uf6GfJGuIlEID81', 'allUsers');
INSERT INTO sessions(key, expiry, device_id, object_id) VALUES('q1Ji3KA0dpRcYuhW6Mho', '2022-11-18T22:51:33.828895Z', 139, '112817585282727384553');
INSERT INTO session_access_group_ids(session_key, group_id) VALUES('q1Ji3KA0dpRcYuhW6Mho', 'allUsers');
INSERT INTO sessions(key, expiry, device_id, object_id) VALUES('cMSu1G4v3njnUlUdw9Ko', '2022-11-18T23:07:24.242838Z', 139, '112817585282727384553');
INSERT INTO session_access_group_ids(session_key, group_id) VALUES('cMSu1G4v3njnUlUdw9Ko', 'allUsers');
INSERT INTO sessions(key, expiry, device_id, object_id) VALUES('5GnvpLmRI014FItv7pMd', '2022-11-21T21:34:55.128466Z', 139, '112817585282727384553');
INSERT INTO session_access_group_ids(session_key, group_id) VALUES('5GnvpLmRI014FItv7pMd', 'allUsers');
INSERT INTO sessions(key, expiry, device_id, object_id) VALUES('82X0v2AxbpJsUbG1VifQ', '2022-11-22T00:02:41.940292Z', 291, '108609806225848391376');
INSERT INTO session_access_group_ids(session_key, group_id) VALUES('82X0v2AxbpJsUbG1VifQ', 'allUsers');
INSERT INTO sessions(key, expiry, device_id, object_id) VALUES('8OjoR1fze5IW5NGCHLiw', '2022-11-22T00:18:22.10901Z', 139, '112817585282727384553');
INSERT INTO session_access_group_ids(session_key, group_id) VALUES('8OjoR1fze5IW5NGCHLiw', 'allUsers');
INSERT INTO sessions(key, expiry, device_id, object_id) VALUES('2Wp3la340jcSdWaDLh6F', '2022-11-22T00:50:49.532367Z', 139, '112817585282727384553');
INSERT INTO session_access_group_ids(session_key, group_id) VALUES('2Wp3la340jcSdWaDLh6F', 'allUsers');
INSERT INTO sessions(key, expiry, device_id, object_id) VALUES('OuambwZUoB1gdjAplAQV', '2022-11-22T01:00:17.217649Z', 139, '112817585282727384553');
INSERT INTO session_access_group_ids(session_key, group_id) VALUES('OuambwZUoB1gdjAplAQV', 'allUsers');
INSERT INTO sessions(key, expiry, device_id, object_id) VALUES('N6kraxALTJWjq76NqwQZ', '2022-11-22T01:04:31.119129Z', 139, '112817585282727384553');
INSERT INTO session_access_group_ids(session_key, group_id) VALUES('N6kraxALTJWjq76NqwQZ', 'allUsers');
INSERT INTO sessions(key, expiry, device_id, object_id) VALUES('Cp4QboZwIzWhfjpT3Sd3', '2022-11-22T17:21:13.79225Z', 301, '118379929437477700289');
INSERT INTO session_access_group_ids(session_key, group_id) VALUES('Cp4QboZwIzWhfjpT3Sd3', 'allUsers');
INSERT INTO sessions(key, expiry, device_id, object_id) VALUES('fONhhUKWpCmcMu51sfV1', '2022-11-22T20:57:54.379105Z', 139, '112817585282727384553');
INSERT INTO session_access_group_ids(session_key, group_id) VALUES('fONhhUKWpCmcMu51sfV1', 'allUsers');
INSERT INTO sessions(key, expiry, device_id, object_id) VALUES('tfCUS3yJGrSoSep5NZBj', '2022-11-22T21:01:00.456897Z', 301, '118379929437477700289');
INSERT INTO session_access_group_ids(session_key, group_id) VALUES('tfCUS3yJGrSoSep5NZBj', 'allUsers');
INSERT INTO sessions(key, expiry, device_id, object_id) VALUES('cGvpnsV7ulP583vU86FJ', '2022-11-23T17:28:51.891829Z', 301, '118379929437477700289');
INSERT INTO session_access_group_ids(session_key, group_id) VALUES('cGvpnsV7ulP583vU86FJ', 'allUsers');
INSERT INTO sessions(key, expiry, device_id, object_id) VALUES('p2tLE7E4BujeWI5AhDDo', '2022-11-23T21:56:54.719704Z', 301, '118379929437477700289');
INSERT INTO session_access_group_ids(session_key, group_id) VALUES('p2tLE7E4BujeWI5AhDDo', 'allUsers');
INSERT INTO sessions(key, expiry, device_id, object_id) VALUES('IeHjiV1h7ipt8VQdp63N', '2022-11-24T02:41:27.838208Z', 139, '112817585282727384553');
INSERT INTO session_access_group_ids(session_key, group_id) VALUES('IeHjiV1h7ipt8VQdp63N', 'allUsers');
INSERT INTO sessions(key, expiry, device_id, object_id) VALUES('JY70h3IH0v9iUdO6EKCb', '2022-11-24T03:00:12.444831Z', 139, '112817585282727384553');
INSERT INTO session_access_group_ids(session_key, group_id) VALUES('JY70h3IH0v9iUdO6EKCb', 'allUsers');
INSERT INTO sessions(key, expiry, device_id, object_id) VALUES('m1LU0bsD3ChaN7QDsERW', '2022-11-24T19:46:27.583622Z', 139, '112817585282727384553');
INSERT INTO session_access_group_ids(session_key, group_id) VALUES('m1LU0bsD3ChaN7QDsERW', 'allUsers');
INSERT INTO sessions(key, expiry, device_id, object_id) VALUES('HcqATIygctDrtabmYJb8', '2022-11-24T21:08:34.406404Z', 79, '118030630721247338647');
INSERT INTO session_access_group_ids(session_key, group_id) VALUES('HcqATIygctDrtabmYJb8', 'allUsers');
INSERT INTO sessions(key, expiry, device_id, object_id) VALUES('Bnmb57IDhoFx7ET3TIHd', '2022-11-25T17:25:06.978446Z', 301, '118379929437477700289');
INSERT INTO session_access_group_ids(session_key, group_id) VALUES('Bnmb57IDhoFx7ET3TIHd', 'allUsers');
INSERT INTO sessions(key, expiry, device_id, object_id) VALUES('IeewySfbr7BX6VTInTo0', '2022-11-28T23:29:03.369052Z', 139, '112817585282727384553');
INSERT INTO session_access_group_ids(session_key, group_id) VALUES('IeewySfbr7BX6VTInTo0', 'allUsers');
INSERT INTO sessions(key, expiry, device_id, object_id) VALUES('KmqObEfFt3i6WqaMpkwX', '2022-11-28T23:47:08.697375Z', 139, '112817585282727384553');
INSERT INTO session_access_group_ids(session_key, group_id) VALUES('KmqObEfFt3i6WqaMpkwX', 'allUsers');
INSERT INTO sessions(key, expiry, device_id, object_id) VALUES('4prl4l6gEM78u6Bhgxl7', '2022-11-28T23:49:05.550188Z', 145, '110197187571246827470');
INSERT INTO session_access_group_ids(session_key, group_id) VALUES('4prl4l6gEM78u6Bhgxl7', 'allUsers');
INSERT INTO sessions(key, expiry, device_id, object_id) VALUES('zOzBGNvMT3rpZXT0xklG', '2022-11-30T17:51:14.986943Z', 79, '118030630721247338647');
INSERT INTO session_access_group_ids(session_key, group_id) VALUES('zOzBGNvMT3rpZXT0xklG', 'allUsers');
INSERT INTO sessions(key, expiry, device_id, object_id) VALUES('gPvBj5HdrIEQa8Ny6xsH', '2022-11-30T18:01:58.399892Z', 139, '112817585282727384553');
INSERT INTO session_access_group_ids(session_key, group_id) VALUES('gPvBj5HdrIEQa8Ny6xsH', 'allUsers');
INSERT INTO sessions(key, expiry, device_id, object_id) VALUES('B94aCALcenbAP43l8lOM', '2022-11-30T18:32:53.122774Z', 301, '118379929437477700289');
INSERT INTO session_access_group_ids(session_key, group_id) VALUES('B94aCALcenbAP43l8lOM', 'allUsers');
INSERT INTO sessions(key, expiry, device_id, object_id) VALUES('w9E8WWAmA5tW2dlytiSm', '2022-11-30T20:40:10.590754Z', 8, '100985683022959439933');
INSERT INTO session_access_group_ids(session_key, group_id) VALUES('w9E8WWAmA5tW2dlytiSm', 'allUsers');
INSERT INTO sessions(key, expiry, device_id, object_id) VALUES('Pfv76QEIEfP2u7GCNYhp', '2022-11-30T23:29:44.760333Z', 8, '100985683022959439933');
INSERT INTO session_access_group_ids(session_key, group_id) VALUES('Pfv76QEIEfP2u7GCNYhp', 'allUsers');
INSERT INTO sessions(key, expiry, device_id, object_id) VALUES('epgOXePQDZq7yTfTE7qz', '2022-11-30T23:38:20.282324Z', 8, '100985683022959439933');
INSERT INTO session_access_group_ids(session_key, group_id) VALUES('epgOXePQDZq7yTfTE7qz', 'allUsers');
INSERT INTO sessions(key, expiry, device_id, object_id) VALUES('jftct3va3G1qMjrAlnTM', '2022-11-30T23:39:27.896119Z', 8, '100985683022959439933');
INSERT INTO session_access_group_ids(session_key, group_id) VALUES('jftct3va3G1qMjrAlnTM', 'allUsers');
INSERT INTO sessions(key, expiry, device_id, object_id) VALUES('xiupo20ZK5ExLdhLmXK1', '2022-12-01T05:39:38.697274Z', 301, '118379929437477700289');
INSERT INTO session_access_group_ids(session_key, group_id) VALUES('xiupo20ZK5ExLdhLmXK1', 'allUsers');
INSERT INTO sessions(key, expiry, device_id, object_id) VALUES('fHM8k1QmaSYPu34RmRIj', '2022-12-01T18:15:27.540569Z', 301, '118379929437477700289');
INSERT INTO session_access_group_ids(session_key, group_id) VALUES('fHM8k1QmaSYPu34RmRIj', 'allUsers');
INSERT INTO sessions(key, expiry, device_id, object_id) VALUES('LtucuWYQKEHjjTrlEaZo', '2022-12-01T18:20:18.873896Z', 301, '118379929437477700289');
INSERT INTO session_access_group_ids(session_key, group_id) VALUES('LtucuWYQKEHjjTrlEaZo', 'allUsers');
INSERT INTO sessions(key, expiry, device_id, object_id) VALUES('qkj4EvOXlCEdfbzYpesp', '2022-12-01T18:47:46.108966Z', 301, '118379929437477700289');
INSERT INTO session_access_group_ids(session_key, group_id) VALUES('qkj4EvOXlCEdfbzYpesp', 'allUsers');
INSERT INTO sessions(key, expiry, device_id, object_id) VALUES('M8GB7yy5iFJ4yjBumaMW', '2022-12-01T18:56:11.453735Z', 301, '118379929437477700289');
INSERT INTO session_access_group_ids(session_key, group_id) VALUES('M8GB7yy5iFJ4yjBumaMW', 'allUsers');
INSERT INTO sessions(key, expiry, device_id, object_id) VALUES('lSNFhIjcM93uHnMU4umQ', '2022-12-01T19:07:36.677746Z', 301, '118379929437477700289');
INSERT INTO session_access_group_ids(session_key, group_id) VALUES('lSNFhIjcM93uHnMU4umQ', 'allUsers');
INSERT INTO sessions(key, expiry, device_id, object_id) VALUES('uvOLlhGmV1YzbqpZwfWW', '2022-12-01T19:12:57.875435Z', 301, '118379929437477700289');
INSERT INTO session_access_group_ids(session_key, group_id) VALUES('uvOLlhGmV1YzbqpZwfWW', 'allUsers');
INSERT INTO sessions(key, expiry, device_id, object_id) VALUES('C9THg545LUBBONuuO3PA', '2022-12-01T20:39:05.673323Z', 301, '118379929437477700289');
INSERT INTO session_access_group_ids(session_key, group_id) VALUES('C9THg545LUBBONuuO3PA', 'allUsers');
INSERT INTO sessions(key, expiry, device_id, object_id) VALUES('D2YduULUMeM75RJZr60L', '2022-12-01T21:30:30.486018Z', 301, '118379929437477700289');
INSERT INTO session_access_group_ids(session_key, group_id) VALUES('D2YduULUMeM75RJZr60L', 'allUsers');
INSERT INTO sessions(key, expiry, device_id, object_id) VALUES('Hnvz04OgMBY9zGfmSnEv', '2022-12-01T21:48:17.706863Z', 301, '118379929437477700289');
INSERT INTO session_access_group_ids(session_key, group_id) VALUES('Hnvz04OgMBY9zGfmSnEv', 'allUsers');
INSERT INTO sessions(key, expiry, device_id, object_id) VALUES('UGsd043IrBPs9b0Gz06E', '2022-12-02T18:19:38.24315Z', 301, '118379929437477700289');
INSERT INTO session_access_group_ids(session_key, group_id) VALUES('UGsd043IrBPs9b0Gz06E', 'allUsers');
INSERT INTO sessions(key, expiry, device_id, object_id) VALUES('rkPFIWH6sP4uNEVmmf94', '2022-12-02T19:45:33.383273Z', 301, '118379929437477700289');
INSERT INTO session_access_group_ids(session_key, group_id) VALUES('rkPFIWH6sP4uNEVmmf94', 'allUsers');
INSERT INTO sessions(key, expiry, device_id, object_id) VALUES('VpA61QE3vJtEeR82rtZz', '2022-12-02T21:14:25.643209Z', 301, '118379929437477700289');
INSERT INTO session_access_group_ids(session_key, group_id) VALUES('VpA61QE3vJtEeR82rtZz', 'allUsers');
INSERT INTO sessions(key, expiry, device_id, object_id) VALUES('cP2JiuopA0MXrlSuq9KU', '2022-12-03T00:08:13.27741Z', 139, '112817585282727384553');
INSERT INTO session_access_group_ids(session_key, group_id) VALUES('cP2JiuopA0MXrlSuq9KU', 'allUsers');
INSERT INTO sessions(key, expiry, device_id, object_id) VALUES('gCJl13WfsjnwxYkqKXff', '2022-12-05T17:14:01.592695Z', 301, '118379929437477700289');
INSERT INTO session_access_group_ids(session_key, group_id) VALUES('gCJl13WfsjnwxYkqKXff', 'allUsers');
INSERT INTO sessions(key, expiry, device_id, object_id) VALUES('cxIfeQSOe7IUm0LKgLeJ', '2022-12-06T00:37:43.178699Z', 8, '100985683022959439933');
INSERT INTO session_access_group_ids(session_key, group_id) VALUES('cxIfeQSOe7IUm0LKgLeJ', 'allUsers');
INSERT INTO sessions(key, expiry, device_id, object_id) VALUES('BWeT5eE6Gn75tkEX0nLG', '2022-12-06T19:04:50.151936Z', 301, '118379929437477700289');
INSERT INTO session_access_group_ids(session_key, group_id) VALUES('BWeT5eE6Gn75tkEX0nLG', 'allUsers');
INSERT INTO sessions(key, expiry, device_id, object_id) VALUES('tHKFOrqSBepqBOpZxvQA', '2022-12-06T20:05:15.688699Z', 301, '118379929437477700289');
INSERT INTO session_access_group_ids(session_key, group_id) VALUES('tHKFOrqSBepqBOpZxvQA', 'allUsers');
INSERT INTO sessions(key, expiry, device_id, object_id) VALUES('VdkNjAgi33urQD7DUCUz', '2022-12-06T23:35:40.124562Z', 8, '100985683022959439933');
INSERT INTO session_access_group_ids(session_key, group_id) VALUES('VdkNjAgi33urQD7DUCUz', 'allUsers');
INSERT INTO sessions(key, expiry, device_id, object_id) VALUES('Kg4PV0jEpHck6kWbifKg', '2022-12-06T23:40:38.635873Z', 79, '118030630721247338647');
INSERT INTO session_access_group_ids(session_key, group_id) VALUES('Kg4PV0jEpHck6kWbifKg', 'allUsers');
INSERT INTO sessions(key, expiry, device_id, object_id) VALUES('rIz7ydQ34QSDLsSX5s6s', '2022-12-07T03:10:28.027511Z', 87, '112867350575431171492');
INSERT INTO session_access_group_ids(session_key, group_id) VALUES('rIz7ydQ34QSDLsSX5s6s', 'allUsers');
INSERT INTO sessions(key, expiry, device_id, object_id) VALUES('9RCTNHClS468Pil56Cp5', '2022-12-07T17:32:17.302774Z', 301, '118379929437477700289');
INSERT INTO session_access_group_ids(session_key, group_id) VALUES('9RCTNHClS468Pil56Cp5', 'allUsers');
INSERT INTO sessions(key, expiry, device_id, object_id) VALUES('ppKVASp40oHGR6FdsROy', '2022-12-07T20:02:24.355582Z', 301, '118379929437477700289');
INSERT INTO session_access_group_ids(session_key, group_id) VALUES('ppKVASp40oHGR6FdsROy', 'allUsers');
INSERT INTO sessions(key, expiry, device_id, object_id) VALUES('P2F91VqbcvS4MHAalsDO', '2022-12-08T17:08:12.516766Z', 301, '118379929437477700289');
INSERT INTO session_access_group_ids(session_key, group_id) VALUES('P2F91VqbcvS4MHAalsDO', 'allUsers');
INSERT INTO sessions(key, expiry, device_id, object_id) VALUES('tFvw3i7RwOHPxE3gTcjG', '2022-12-08T17:35:32.343307Z', 301, '118379929437477700289');
INSERT INTO session_access_group_ids(session_key, group_id) VALUES('tFvw3i7RwOHPxE3gTcjG', 'allUsers');
INSERT INTO sessions(key, expiry, device_id, object_id) VALUES('0DwTXnL6RqCAR86tWw65', '2022-12-08T18:27:53.046177Z', 139, '112817585282727384553');
INSERT INTO session_access_group_ids(session_key, group_id) VALUES('0DwTXnL6RqCAR86tWw65', 'allUsers');
INSERT INTO sessions(key, expiry, device_id, object_id) VALUES('6v6EPXTkBmal1ewf3qku', '2022-12-08T18:36:36.327608Z', 139, '112817585282727384553');
INSERT INTO session_access_group_ids(session_key, group_id) VALUES('6v6EPXTkBmal1ewf3qku', 'allUsers');
INSERT INTO sessions(key, expiry, device_id, object_id) VALUES('FyJsRY79Gscq7h9Pt0uX', '2022-12-08T18:43:05.985518Z', 301, '118379929437477700289');
INSERT INTO session_access_group_ids(session_key, group_id) VALUES('FyJsRY79Gscq7h9Pt0uX', 'allUsers');
INSERT INTO sessions(key, expiry, device_id, object_id) VALUES('mV5k0duV0g0xHeOanSgT', '2022-12-08T18:49:48.709021Z', 301, '118379929437477700289');
INSERT INTO session_access_group_ids(session_key, group_id) VALUES('mV5k0duV0g0xHeOanSgT', 'allUsers');
INSERT INTO sessions(key, expiry, device_id, object_id) VALUES('nsiyJCk3knbnVzmqlHrD', '2022-12-08T18:58:56.963431Z', 301, '118379929437477700289');
INSERT INTO session_access_group_ids(session_key, group_id) VALUES('nsiyJCk3knbnVzmqlHrD', 'allUsers');
INSERT INTO sessions(key, expiry, device_id, object_id) VALUES('wINiRvIYDZCLXjino5cT', '2022-12-08T19:09:14.156747Z', 301, '118379929437477700289');
INSERT INTO session_access_group_ids(session_key, group_id) VALUES('wINiRvIYDZCLXjino5cT', 'allUsers');
INSERT INTO sessions(key, expiry, device_id, object_id) VALUES('9z2bKCeBzaG0OrbCLoIl', '2022-12-08T19:14:07.826199Z', 301, '118379929437477700289');
INSERT INTO session_access_group_ids(session_key, group_id) VALUES('9z2bKCeBzaG0OrbCLoIl', 'allUsers');
INSERT INTO sessions(key, expiry, device_id, object_id) VALUES('AHQRChKFpX7htooh6afH', '2022-12-08T19:17:35.130425Z', 301, '118379929437477700289');
INSERT INTO session_access_group_ids(session_key, group_id) VALUES('AHQRChKFpX7htooh6afH', 'allUsers');
INSERT INTO sessions(key, expiry, device_id, object_id) VALUES('FVJEqRo4gQXdV1fNrHWt', '2022-12-08T19:23:05.48495Z', 301, '118379929437477700289');
INSERT INTO session_access_group_ids(session_key, group_id) VALUES('FVJEqRo4gQXdV1fNrHWt', 'allUsers');
INSERT INTO sessions(key, expiry, device_id, object_id) VALUES('qVwVx4xdf6Jy72dNhRsr', '2022-12-08T19:30:25.885176Z', 301, '118379929437477700289');
INSERT INTO session_access_group_ids(session_key, group_id) VALUES('qVwVx4xdf6Jy72dNhRsr', 'allUsers');
INSERT INTO sessions(key, expiry, device_id, object_id) VALUES('fWlAPGVXYFzqL6yRc3qZ', '2022-12-08T19:34:00.140494Z', 301, '118379929437477700289');
INSERT INTO session_access_group_ids(session_key, group_id) VALUES('fWlAPGVXYFzqL6yRc3qZ', 'allUsers');
INSERT INTO sessions(key, expiry, device_id, object_id) VALUES('Ny7ja8pRwYqiOv2GDu8p', '2022-12-08T20:09:00.996219Z', 301, '118379929437477700289');
INSERT INTO session_access_group_ids(session_key, group_id) VALUES('Ny7ja8pRwYqiOv2GDu8p', 'allUsers');
INSERT INTO sessions(key, expiry, device_id, object_id) VALUES('UtMX9mARave6FB3ftPFr', '2022-12-08T20:47:31.714989Z', 301, '118379929437477700289');
INSERT INTO session_access_group_ids(session_key, group_id) VALUES('UtMX9mARave6FB3ftPFr', 'allUsers');
INSERT INTO sessions(key, expiry, device_id, object_id) VALUES('UhzKNHWw4qWnyxIf5fIR', '2022-12-08T20:50:08.950485Z', 8, '100985683022959439933');
INSERT INTO session_access_group_ids(session_key, group_id) VALUES('UhzKNHWw4qWnyxIf5fIR', 'allUsers');
INSERT INTO sessions(key, expiry, device_id, object_id) VALUES('MqErXHKwC5ogbYggHXiD', '2022-12-08T21:22:30.496157Z', 301, '118379929437477700289');
INSERT INTO session_access_group_ids(session_key, group_id) VALUES('MqErXHKwC5ogbYggHXiD', 'allUsers');
INSERT INTO sessions(key, expiry, device_id, object_id) VALUES('2ynzaUsZwiK8WFC2nXLo', '2022-12-08T21:27:06.814813Z', 301, '118379929437477700289');
INSERT INTO session_access_group_ids(session_key, group_id) VALUES('2ynzaUsZwiK8WFC2nXLo', 'allUsers');
INSERT INTO sessions(key, expiry, device_id, object_id) VALUES('c0i22LUFc7YhYgcw7pgy', '2022-12-08T21:46:14.986266Z', 139, '112817585282727384553');
INSERT INTO session_access_group_ids(session_key, group_id) VALUES('c0i22LUFc7YhYgcw7pgy', 'allUsers');
INSERT INTO sessions(key, expiry, device_id, object_id) VALUES('AxvWeygvox01D3zbNXJ9', '2022-12-08T22:28:59.556172Z', 79, '118030630721247338647');
INSERT INTO session_access_group_ids(session_key, group_id) VALUES('AxvWeygvox01D3zbNXJ9', 'allUsers');
INSERT INTO sessions(key, expiry, device_id, object_id) VALUES('4NZQNhSyCSeHDpybtRW0', '2022-12-08T22:30:22.687088Z', 76, '100991410869791331471');
INSERT INTO session_access_group_ids(session_key, group_id) VALUES('4NZQNhSyCSeHDpybtRW0', 'allUsers');
INSERT INTO sessions(key, expiry, device_id, object_id) VALUES('Q2tip0yv1gejZJRxtTSo', '2022-12-08T22:48:03.653994Z', 301, '118379929437477700289');
INSERT INTO session_access_group_ids(session_key, group_id) VALUES('Q2tip0yv1gejZJRxtTSo', 'allUsers');
INSERT INTO sessions(key, expiry, device_id, object_id) VALUES('BqWHF9m4rMYm46I7ndgY', '2022-12-08T23:15:58.917218Z', 8, '100985683022959439933');
INSERT INTO session_access_group_ids(session_key, group_id) VALUES('BqWHF9m4rMYm46I7ndgY', 'allUsers');
INSERT INTO sessions(key, expiry, device_id, object_id) VALUES('q16Q60jJD8L1We9t1DrM', '2022-12-09T18:28:02.445126Z', 139, '112817585282727384553');
INSERT INTO session_access_group_ids(session_key, group_id) VALUES('q16Q60jJD8L1We9t1DrM', 'allUsers');
INSERT INTO sessions(key, expiry, device_id, object_id) VALUES('NNtdGZlZDr8MXnAUHud0', '2022-12-09T18:30:25.134446Z', 139, '112817585282727384553');
INSERT INTO session_access_group_ids(session_key, group_id) VALUES('NNtdGZlZDr8MXnAUHud0', 'allUsers');
INSERT INTO sessions(key, expiry, device_id, object_id) VALUES('xXTUBrEBfo94ttrjmbrA', '2022-12-09T18:45:06.68933Z', 301, '118379929437477700289');
INSERT INTO session_access_group_ids(session_key, group_id) VALUES('xXTUBrEBfo94ttrjmbrA', 'allUsers');
INSERT INTO sessions(key, expiry, device_id, object_id) VALUES('raUjZoaw9vFXTIxyWJTy', '2022-12-08T23:30:47.885993Z', 301, '118379929437477700289');
INSERT INTO session_access_group_ids(session_key, group_id) VALUES('raUjZoaw9vFXTIxyWJTy', 'allUsers');
INSERT INTO sessions(key, expiry, device_id, object_id) VALUES('XWRLS6XKrEJ32c7dwApl', '2022-12-09T18:55:38.285243Z', 8, '100985683022959439933');
INSERT INTO session_access_group_ids(session_key, group_id) VALUES('XWRLS6XKrEJ32c7dwApl', 'allUsers');
INSERT INTO sessions(key, expiry, device_id, object_id) VALUES('QjEhTNPQlYJK2GaqvpSa', '2022-12-09T19:00:32.852739Z', 139, '112817585282727384553');
INSERT INTO session_access_group_ids(session_key, group_id) VALUES('QjEhTNPQlYJK2GaqvpSa', 'allUsers');
INSERT INTO sessions(key, expiry, device_id, object_id) VALUES('Rxk94p8IqI6iKuXItRzI', '2022-12-09T19:00:42.730098Z', 139, '112817585282727384553');
INSERT INTO session_access_group_ids(session_key, group_id) VALUES('Rxk94p8IqI6iKuXItRzI', 'allUsers');
INSERT INTO sessions(key, expiry, device_id, object_id) VALUES('pLtOdIYb1LLVld7kUVR0', '2022-12-09T19:07:57.354005Z', 301, '118379929437477700289');
INSERT INTO session_access_group_ids(session_key, group_id) VALUES('pLtOdIYb1LLVld7kUVR0', 'allUsers');
INSERT INTO sessions(key, expiry, device_id, object_id) VALUES('LlMIalFV8dJ4njAhzwIt', '2022-12-09T19:26:14.270949Z', 8, '100985683022959439933');
INSERT INTO session_access_group_ids(session_key, group_id) VALUES('LlMIalFV8dJ4njAhzwIt', 'allUsers');
INSERT INTO sessions(key, expiry, device_id, object_id) VALUES('9FDAO08Ngg8YUn9dG87q', '2022-12-09T20:01:50.33006Z', 17, '104769902177610122748');
INSERT INTO session_access_group_ids(session_key, group_id) VALUES('9FDAO08Ngg8YUn9dG87q', 'allUsers');
INSERT INTO sessions(key, expiry, device_id, object_id) VALUES('0F2RAT8MqFdFYzIibDNX', '2022-12-09T21:23:00.334493Z', 301, '118379929437477700289');
INSERT INTO session_access_group_ids(session_key, group_id) VALUES('0F2RAT8MqFdFYzIibDNX', 'allUsers');
INSERT INTO sessions(key, expiry, device_id, object_id) VALUES('0E8ZVTqY72XeCyRWwXij', '2022-12-09T22:18:52.409188Z', 448, '102746509802024296483');
INSERT INTO session_access_group_ids(session_key, group_id) VALUES('0E8ZVTqY72XeCyRWwXij', 'allUsers');
INSERT INTO sessions(key, expiry, device_id, object_id) VALUES('y4BBjzh4lgroKUjeg7Hf', '2022-12-09T23:10:30.81346Z', 8, '100985683022959439933');
INSERT INTO session_access_group_ids(session_key, group_id) VALUES('y4BBjzh4lgroKUjeg7Hf', 'allUsers');
INSERT INTO sessions(key, expiry, device_id, object_id) VALUES('eyIVLmumElPBBhWA2btb', '2022-12-10T00:48:30.895057Z', 145, '110197187571246827470');
INSERT INTO session_access_group_ids(session_key, group_id) VALUES('eyIVLmumElPBBhWA2btb', 'allUsers');
INSERT INTO sessions(key, expiry, device_id, object_id) VALUES('UHGH6ruqUOoAUHTY2y2h', '2022-12-13T19:01:16.650597Z', 301, '118379929437477700289');
INSERT INTO session_access_group_ids(session_key, group_id) VALUES('UHGH6ruqUOoAUHTY2y2h', 'allUsers');
INSERT INTO sessions(key, expiry, device_id, object_id) VALUES('CROEySdEluDmPZmpRgES', '2022-12-13T21:23:15.540053Z', 139, '112817585282727384553');
INSERT INTO session_access_group_ids(session_key, group_id) VALUES('CROEySdEluDmPZmpRgES', 'allUsers');
INSERT INTO sessions(key, expiry, device_id, object_id) VALUES('d5Xka5fkezUxtZcUN2Yt', '2022-12-13T22:10:41.470444Z', 453, '115026372797657749588');
INSERT INTO session_access_group_ids(session_key, group_id) VALUES('d5Xka5fkezUxtZcUN2Yt', 'allUsers');
INSERT INTO sessions(key, expiry, device_id, object_id) VALUES('dcDDI1D6j2TejhpHIoRt', '2022-12-13T22:12:43.134965Z', 301, '118379929437477700289');
INSERT INTO session_access_group_ids(session_key, group_id) VALUES('dcDDI1D6j2TejhpHIoRt', 'allUsers');
INSERT INTO sessions(key, expiry, device_id, object_id) VALUES('QAq51s7IMYF2cfB4oMuE', '2022-12-13T22:30:17.778097Z', 453, '115026372797657749588');
INSERT INTO session_access_group_ids(session_key, group_id) VALUES('QAq51s7IMYF2cfB4oMuE', 'allUsers');
INSERT INTO sessions(key, expiry, device_id, object_id) VALUES('Zl3EUFTNYGu4wd9cZnu0', '2022-12-13T22:31:54.769442Z', 453, '115026372797657749588');
INSERT INTO session_access_group_ids(session_key, group_id) VALUES('Zl3EUFTNYGu4wd9cZnu0', 'allUsers');
INSERT INTO sessions(key, expiry, device_id, object_id) VALUES('xuWt1H0QnRRZJnPxx2jB', '2022-12-13T22:32:44.528495Z', 453, '115026372797657749588');
INSERT INTO session_access_group_ids(session_key, group_id) VALUES('xuWt1H0QnRRZJnPxx2jB', 'allUsers');
INSERT INTO sessions(key, expiry, device_id, object_id) VALUES('sOALoP7EBX26Z1Z6rryA', '2022-12-13T23:12:39.129513Z', 139, '112817585282727384553');
INSERT INTO session_access_group_ids(session_key, group_id) VALUES('sOALoP7EBX26Z1Z6rryA', 'allUsers');
INSERT INTO sessions(key, expiry, device_id, object_id) VALUES('QcBBH6bw9G7WboDknirB', '2022-12-13T23:45:20.374013Z', 453, '115026372797657749588');
INSERT INTO session_access_group_ids(session_key, group_id) VALUES('QcBBH6bw9G7WboDknirB', 'allUsers');
INSERT INTO sessions(key, expiry, device_id, object_id) VALUES('SE6x5StjDxvU969FKGrn', '2022-12-13T23:45:40.892622Z', 453, '115026372797657749588');
INSERT INTO session_access_group_ids(session_key, group_id) VALUES('SE6x5StjDxvU969FKGrn', 'allUsers');
INSERT INTO sessions(key, expiry, device_id, object_id) VALUES('j486yd6d7XgpET6Exo1x', '2022-12-13T23:48:42.215275Z', 453, '115026372797657749588');
INSERT INTO session_access_group_ids(session_key, group_id) VALUES('j486yd6d7XgpET6Exo1x', 'allUsers');
INSERT INTO sessions(key, expiry, device_id, object_id) VALUES('U2efnFmsFxF1Zxq1fRmm', '2022-12-14T16:50:10.50997Z', 301, '118379929437477700289');
INSERT INTO session_access_group_ids(session_key, group_id) VALUES('U2efnFmsFxF1Zxq1fRmm', 'allUsers');
INSERT INTO sessions(key, expiry, device_id, object_id) VALUES('brxwgloyGA4mXMWHnOPb', '2022-12-14T16:51:54.41367Z', 453, '115026372797657749588');
INSERT INTO session_access_group_ids(session_key, group_id) VALUES('brxwgloyGA4mXMWHnOPb', 'allUsers');
INSERT INTO sessions(key, expiry, device_id, object_id) VALUES('DK9a3GvJjmeUbPxfgpU6', '2022-12-14T19:30:38.708636Z', 139, '112817585282727384553');
INSERT INTO session_access_group_ids(session_key, group_id) VALUES('DK9a3GvJjmeUbPxfgpU6', 'allUsers');
INSERT INTO sessions(key, expiry, device_id, object_id) VALUES('4lyX8e1fmxJUtyq01zIA', '2022-12-14T20:05:56.808666Z', 139, '112817585282727384553');
INSERT INTO session_access_group_ids(session_key, group_id) VALUES('4lyX8e1fmxJUtyq01zIA', 'allUsers');
INSERT INTO sessions(key, expiry, device_id, object_id) VALUES('Y9oiCyW28YUmhL8lB8gJ', '2022-12-14T20:30:04.279829Z', 139, '112817585282727384553');
INSERT INTO session_access_group_ids(session_key, group_id) VALUES('Y9oiCyW28YUmhL8lB8gJ', 'allUsers');
INSERT INTO sessions(key, expiry, device_id, object_id) VALUES('jfJZ2qJm3Vf83WeiLAgv', '2022-12-14T23:17:52.277141Z', 8, '100985683022959439933');
INSERT INTO session_access_group_ids(session_key, group_id) VALUES('jfJZ2qJm3Vf83WeiLAgv', 'allUsers');
INSERT INTO sessions(key, expiry, device_id, object_id) VALUES('kGbF9bfnlpOwavyDlLSR', '2022-12-14T23:33:04.390587Z', 139, '112817585282727384553');
INSERT INTO session_access_group_ids(session_key, group_id) VALUES('kGbF9bfnlpOwavyDlLSR', 'allUsers');
INSERT INTO sessions(key, expiry, device_id, object_id) VALUES('7VIztKxrqKWTXFbCjejn', '2022-12-15T16:18:08.405331Z', 453, '115026372797657749588');
INSERT INTO session_access_group_ids(session_key, group_id) VALUES('7VIztKxrqKWTXFbCjejn', 'allUsers');
INSERT INTO sessions(key, expiry, device_id, object_id) VALUES('tPlMjsKbLBlThVrlvyiL', '2022-12-15T22:00:06.588415Z', 139, '112817585282727384553');
INSERT INTO session_access_group_ids(session_key, group_id) VALUES('tPlMjsKbLBlThVrlvyiL', 'allUsers');
INSERT INTO sessions(key, expiry, device_id, object_id) VALUES('t6B5HQ34wiIOjKaF6GUP', '2022-12-16T00:04:01.34645Z', 172, '116795182350144818357');
INSERT INTO session_access_group_ids(session_key, group_id) VALUES('t6B5HQ34wiIOjKaF6GUP', 'allUsers');
INSERT INTO sessions(key, expiry, device_id, object_id) VALUES('u0yteiajBGDTPNbwsGHh', '2022-12-16T17:52:13.123902Z', 139, '112817585282727384553');
INSERT INTO session_access_group_ids(session_key, group_id) VALUES('u0yteiajBGDTPNbwsGHh', 'allUsers');
INSERT INTO sessions(key, expiry, device_id, object_id) VALUES('ykO3reMjSFmLTZAW5MFE', '2022-12-16T19:16:04.367184Z', 301, '118379929437477700289');
INSERT INTO session_access_group_ids(session_key, group_id) VALUES('ykO3reMjSFmLTZAW5MFE', 'allUsers');
INSERT INTO sessions(key, expiry, device_id, object_id) VALUES('o14catVtQWsPx4YdDeg2', '2022-12-16T22:10:22.482644Z', 139, '112817585282727384553');
INSERT INTO session_access_group_ids(session_key, group_id) VALUES('o14catVtQWsPx4YdDeg2', 'allUsers');
INSERT INTO sessions(key, expiry, device_id, object_id) VALUES('2K4numAFKRLTm01IX1UC', '2022-12-16T23:01:26.886048Z', 8, '100985683022959439933');
INSERT INTO session_access_group_ids(session_key, group_id) VALUES('2K4numAFKRLTm01IX1UC', 'allUsers');
INSERT INTO sessions(key, expiry, device_id, object_id) VALUES('EIzWxgzrEGHjq1aW4H5D', '2022-12-19T22:28:06.214842Z', 139, '112817585282727384553');
INSERT INTO session_access_group_ids(session_key, group_id) VALUES('EIzWxgzrEGHjq1aW4H5D', 'allUsers');
INSERT INTO sessions(key, expiry, device_id, object_id) VALUES('EazagOaHK8W4hIDawBWk', '2022-12-19T22:32:39.206936Z', 139, '112817585282727384553');
INSERT INTO session_access_group_ids(session_key, group_id) VALUES('EazagOaHK8W4hIDawBWk', 'allUsers');
INSERT INTO sessions(key, expiry, device_id, object_id) VALUES('V1e1yYLIwcheNHsLmLTC', '2022-12-19T22:33:09.960786Z', 139, '112817585282727384553');
INSERT INTO session_access_group_ids(session_key, group_id) VALUES('V1e1yYLIwcheNHsLmLTC', 'allUsers');
INSERT INTO sessions(key, expiry, device_id, object_id) VALUES('zKQEMIIfyPwepeYJB0jk', '2022-12-20T00:58:21.153985Z', 139, '112817585282727384553');
INSERT INTO session_access_group_ids(session_key, group_id) VALUES('zKQEMIIfyPwepeYJB0jk', 'allUsers');
INSERT INTO sessions(key, expiry, device_id, object_id) VALUES('JxyocWVNMW5lSVKQ4DNP', '2022-12-21T01:14:32.315415Z', 145, '110197187571246827470');
INSERT INTO session_access_group_ids(session_key, group_id) VALUES('JxyocWVNMW5lSVKQ4DNP', 'allUsers');
INSERT INTO sessions(key, expiry, device_id, object_id) VALUES('bnegArlO4cqRLG7PRzfS', '2022-12-21T23:45:58.041435Z', 139, '112817585282727384553');
INSERT INTO session_access_group_ids(session_key, group_id) VALUES('bnegArlO4cqRLG7PRzfS', 'allUsers');
INSERT INTO sessions(key, expiry, device_id, object_id) VALUES('dQoMis77cU6KAvGLqMXJ', '2022-12-22T01:01:49.283242Z', 8, '100985683022959439933');
INSERT INTO session_access_group_ids(session_key, group_id) VALUES('dQoMis77cU6KAvGLqMXJ', 'allUsers');
INSERT INTO sessions(key, expiry, device_id, object_id) VALUES('WSb5lTc8FakxCeavksxO', '2022-12-22T18:51:47.664455Z', 139, '112817585282727384553');
INSERT INTO session_access_group_ids(session_key, group_id) VALUES('WSb5lTc8FakxCeavksxO', 'allUsers');
INSERT INTO sessions(key, expiry, device_id, object_id) VALUES('jgOZKOPzgbA9H0i0HN2j', '2022-12-22T21:14:44.315319Z', 8, '100985683022959439933');
INSERT INTO session_access_group_ids(session_key, group_id) VALUES('jgOZKOPzgbA9H0i0HN2j', 'allUsers');
INSERT INTO sessions(key, expiry, device_id, object_id) VALUES('7jl6XvZu1jQyWJsJpo9n', '2023-01-02T23:38:17.407136Z', 139, '112817585282727384553');
INSERT INTO session_access_group_ids(session_key, group_id) VALUES('7jl6XvZu1jQyWJsJpo9n', 'allUsers');
INSERT INTO sessions(key, expiry, device_id, object_id) VALUES('WZvPCYExYSbvZ7qoMAIP', '2023-01-02T23:49:43.444886Z', 139, '112817585282727384553');
INSERT INTO session_access_group_ids(session_key, group_id) VALUES('WZvPCYExYSbvZ7qoMAIP', 'allUsers');
INSERT INTO sessions(key, expiry, device_id, object_id) VALUES('NVaPQAsiFTQXuzIRlSC6', '2023-01-02T23:59:22.590784Z', 139, '112817585282727384553');
INSERT INTO session_access_group_ids(session_key, group_id) VALUES('NVaPQAsiFTQXuzIRlSC6', 'allUsers');
INSERT INTO sessions(key, expiry, device_id, object_id) VALUES('HoOcJIhcXF5oMnvTSEyq', '2023-01-03T17:15:14.816908Z', 139, '112817585282727384553');
INSERT INTO session_access_group_ids(session_key, group_id) VALUES('HoOcJIhcXF5oMnvTSEyq', 'allUsers');
INSERT INTO sessions(key, expiry, device_id, object_id) VALUES('frjF3PAYA1p8YRiNr9Da', '2023-01-03T17:30:52.539473Z', 139, '112817585282727384553');
INSERT INTO session_access_group_ids(session_key, group_id) VALUES('frjF3PAYA1p8YRiNr9Da', 'allUsers');
INSERT INTO sessions(key, expiry, device_id, object_id) VALUES('qNwbScNXRWN1NIvDlu9Y', '2023-01-03T17:39:29.847818Z', 139, '112817585282727384553');
INSERT INTO session_access_group_ids(session_key, group_id) VALUES('qNwbScNXRWN1NIvDlu9Y', 'allUsers');
INSERT INTO sessions(key, expiry, device_id, object_id) VALUES('RL9h1VOI2oWO9pyrjnQG', '2023-01-03T18:26:36.028636Z', 17, '104769902177610122748');
INSERT INTO session_access_group_ids(session_key, group_id) VALUES('RL9h1VOI2oWO9pyrjnQG', 'allUsers');
INSERT INTO sessions(key, expiry, device_id, object_id) VALUES('jTM5Wkr8VBvUDZbJiSun', '2023-01-03T18:29:23.879648Z', 139, '112817585282727384553');
INSERT INTO session_access_group_ids(session_key, group_id) VALUES('jTM5Wkr8VBvUDZbJiSun', 'allUsers');
INSERT INTO sessions(key, expiry, device_id, object_id) VALUES('e5SCLcZGOzsAGzZ4pmUB', '2023-01-03T18:30:03.082623Z', 291, '108609806225848391376');
INSERT INTO session_access_group_ids(session_key, group_id) VALUES('e5SCLcZGOzsAGzZ4pmUB', 'allUsers');
INSERT INTO sessions(key, expiry, device_id, object_id) VALUES('JyOuUxvfwyAd2aCfsazL', '2023-01-03T18:31:41.886394Z', 139, '112817585282727384553');
INSERT INTO session_access_group_ids(session_key, group_id) VALUES('JyOuUxvfwyAd2aCfsazL', 'allUsers');
INSERT INTO sessions(key, expiry, device_id, object_id) VALUES('2FW8mRRXJpBDN62MAlF9', '2023-01-03T19:48:39.135696Z', 8, '101169037356008400646');
INSERT INTO session_access_group_ids(session_key, group_id) VALUES('2FW8mRRXJpBDN62MAlF9', 'allUsers');
INSERT INTO sessions(key, expiry, device_id, object_id) VALUES('pceGQHCRREcgtgViZzDg', '2023-01-03T19:49:02.034661Z', 8, '100985683022959439933');
INSERT INTO session_access_group_ids(session_key, group_id) VALUES('pceGQHCRREcgtgViZzDg', 'allUsers');
INSERT INTO sessions(key, expiry, device_id, object_id) VALUES('FER1vldeM5jMY31u72D9', '2023-01-03T20:53:28.991463Z', 17, '104769902177610122748');
INSERT INTO session_access_group_ids(session_key, group_id) VALUES('FER1vldeM5jMY31u72D9', 'allUsers');
INSERT INTO sessions(key, expiry, device_id, object_id) VALUES('JATOXb6Mi8qWmXpzmTpE', '2023-01-04T19:29:22.602496Z', 139, '112817585282727384553');
INSERT INTO session_access_group_ids(session_key, group_id) VALUES('JATOXb6Mi8qWmXpzmTpE', 'allUsers');
INSERT INTO sessions(key, expiry, device_id, object_id) VALUES('VBUSb2XHFBsMownSo0mD', '2023-01-04T19:56:40.731107Z', 139, '112817585282727384553');
INSERT INTO session_access_group_ids(session_key, group_id) VALUES('VBUSb2XHFBsMownSo0mD', 'allUsers');
INSERT INTO sessions(key, expiry, device_id, object_id) VALUES('rwmI0Ug01PJN7JgrJhR6', '2023-01-04T22:49:04.071593Z', 8, '100985683022959439933');
INSERT INTO session_access_group_ids(session_key, group_id) VALUES('rwmI0Ug01PJN7JgrJhR6', 'allUsers');
INSERT INTO sessions(key, expiry, device_id, object_id) VALUES('IcNFwxubKTwPGY5Plv4b', '2023-01-05T00:38:19.665376Z', 139, '112817585282727384553');
INSERT INTO session_access_group_ids(session_key, group_id) VALUES('IcNFwxubKTwPGY5Plv4b', 'allUsers');
INSERT INTO sessions(key, expiry, device_id, object_id) VALUES('Lxe7tYnvhbxdxk4jPm0V', '2023-01-05T17:30:52.942778Z', 139, '112817585282727384553');
INSERT INTO session_access_group_ids(session_key, group_id) VALUES('Lxe7tYnvhbxdxk4jPm0V', 'allUsers');
INSERT INTO sessions(key, expiry, device_id, object_id) VALUES('haLKs9c6Kz2BPUnkrzNq', '2023-01-05T20:19:18.987425Z', 145, '110197187571246827470');
INSERT INTO session_access_group_ids(session_key, group_id) VALUES('haLKs9c6Kz2BPUnkrzNq', 'allUsers');
INSERT INTO sessions(key, expiry, device_id, object_id) VALUES('TZn74C81Z2w2nRB96lz0', '2023-01-05T20:21:19.931449Z', 139, '112817585282727384553');
INSERT INTO session_access_group_ids(session_key, group_id) VALUES('TZn74C81Z2w2nRB96lz0', 'allUsers');
INSERT INTO sessions(key, expiry, device_id, object_id) VALUES('M9X0bSUsBLDWtCx0csQa', '2023-01-05T23:04:59.475686Z', 139, '112817585282727384553');
INSERT INTO session_access_group_ids(session_key, group_id) VALUES('M9X0bSUsBLDWtCx0csQa', 'allUsers');
INSERT INTO sessions(key, expiry, device_id, object_id) VALUES('ovIZkzcxYmO88mL8eniU', '2023-01-06T17:28:48.842835Z', 139, '112817585282727384553');
INSERT INTO session_access_group_ids(session_key, group_id) VALUES('ovIZkzcxYmO88mL8eniU', 'allUsers');
INSERT INTO sessions(key, expiry, device_id, object_id) VALUES('DEsKZoTuLHuP4y5jVBc1', '2023-01-06T17:51:07.575067Z', 301, '118379929437477700289');
INSERT INTO session_access_group_ids(session_key, group_id) VALUES('DEsKZoTuLHuP4y5jVBc1', 'allUsers');
INSERT INTO sessions(key, expiry, device_id, object_id) VALUES('5JpPA685Lky0M4rAYNaS', '2023-01-06T19:03:26.632Z', 76, '100991410869791331471');
INSERT INTO session_access_group_ids(session_key, group_id) VALUES('5JpPA685Lky0M4rAYNaS', 'allUsers');
INSERT INTO sessions(key, expiry, device_id, object_id) VALUES('ZPg6MdhXy3hLGpTD7aw9', '2023-01-06T21:20:05.334977Z', 186, '102025101977267805051');
INSERT INTO session_access_group_ids(session_key, group_id) VALUES('ZPg6MdhXy3hLGpTD7aw9', 'allUsers');
INSERT INTO sessions(key, expiry, device_id, object_id) VALUES('zP2v292thOSCxVA6zDlP', '2023-01-07T19:14:08.005087Z', 139, '112817585282727384553');
INSERT INTO session_access_group_ids(session_key, group_id) VALUES('zP2v292thOSCxVA6zDlP', 'allUsers');
INSERT INTO sessions(key, expiry, device_id, object_id) VALUES('zZsggJojP7W5EYoafJlN', '2023-01-09T10:07:57.492582Z', 139, '112817585282727384553');
INSERT INTO session_access_group_ids(session_key, group_id) VALUES('zZsggJojP7W5EYoafJlN', 'allUsers');
INSERT INTO sessions(key, expiry, device_id, object_id) VALUES('f0MiaTnkMZGSlbdb6AYG', '2023-01-09T23:00:46.617375Z', 79, '118030630721247338647');
INSERT INTO session_access_group_ids(session_key, group_id) VALUES('f0MiaTnkMZGSlbdb6AYG', 'allUsers');
INSERT INTO sessions(key, expiry, device_id, object_id) VALUES('CzLepJjQiWnMH99boCT0', '2023-01-09T23:02:33.254851Z', 79, '118030630721247338647');
INSERT INTO session_access_group_ids(session_key, group_id) VALUES('CzLepJjQiWnMH99boCT0', 'allUsers');
INSERT INTO sessions(key, expiry, device_id, object_id) VALUES('urIpItjWU2DOMvo4sCvZ', '2023-01-10T17:32:37.906432Z', 79, '118030630721247338647');
INSERT INTO session_access_group_ids(session_key, group_id) VALUES('urIpItjWU2DOMvo4sCvZ', 'allUsers');
INSERT INTO sessions(key, expiry, device_id, object_id) VALUES('OCvGk6O873Sc9TAfqnVz', '2023-01-10T21:56:34.827917Z', 8, '100985683022959439933');
INSERT INTO session_access_group_ids(session_key, group_id) VALUES('OCvGk6O873Sc9TAfqnVz', 'allUsers');
INSERT INTO sessions(key, expiry, device_id, object_id) VALUES('wNON8ZXjgZLi33NtpeXF', '2023-01-10T22:20:27.561922Z', 139, '112817585282727384553');
INSERT INTO session_access_group_ids(session_key, group_id) VALUES('wNON8ZXjgZLi33NtpeXF', 'allUsers');
INSERT INTO sessions(key, expiry, device_id, object_id) VALUES('Ok9iQFjzh6EkhuDwowpd', '2023-01-11T21:36:02.025195Z', 139, '112817585282727384553');
INSERT INTO session_access_group_ids(session_key, group_id) VALUES('Ok9iQFjzh6EkhuDwowpd', 'allUsers');
INSERT INTO sessions(key, expiry, device_id, object_id) VALUES('1PH5xA7I5OyDksh250W6', '2023-01-12T19:01:23.998063Z', 145, '110197187571246827470');
INSERT INTO session_access_group_ids(session_key, group_id) VALUES('1PH5xA7I5OyDksh250W6', 'allUsers');
INSERT INTO sessions(key, expiry, device_id, object_id) VALUES('SPVCKnNYS5QA0ZyUjYfn', '2023-01-12T21:40:55.474364Z', 186, '102025101977267805051');
INSERT INTO session_access_group_ids(session_key, group_id) VALUES('SPVCKnNYS5QA0ZyUjYfn', 'allUsers');
INSERT INTO sessions(key, expiry, device_id, object_id) VALUES('pFyNZhrIb2PMcPXahBe7', '2023-01-12T21:43:59.4064Z', 186, '102025101977267805051');
INSERT INTO session_access_group_ids(session_key, group_id) VALUES('pFyNZhrIb2PMcPXahBe7', 'allUsers');
INSERT INTO sessions(key, expiry, device_id, object_id) VALUES('VNnCWnplAvqd7OmhBN0Q', '2023-01-12T21:53:40.710775Z', 20, '112665949801795306885');
INSERT INTO session_access_group_ids(session_key, group_id) VALUES('VNnCWnplAvqd7OmhBN0Q', 'allUsers');
INSERT INTO sessions(key, expiry, device_id, object_id) VALUES('hD3cz4GVhPZLFkS4kENi', '2023-01-12T22:09:30.614706Z', 186, '102025101977267805051');
INSERT INTO session_access_group_ids(session_key, group_id) VALUES('hD3cz4GVhPZLFkS4kENi', 'allUsers');
INSERT INTO sessions(key, expiry, device_id, object_id) VALUES('YYcA6r9XckZ1rCY5A9Df', '2023-01-12T22:20:56.013073Z', 186, '102025101977267805051');
INSERT INTO session_access_group_ids(session_key, group_id) VALUES('YYcA6r9XckZ1rCY5A9Df', 'allUsers');
INSERT INTO sessions(key, expiry, device_id, object_id) VALUES('C2menu82SlL3GuqrP4wE', '2023-01-12T23:17:56.053987Z', 139, '112817585282727384553');
INSERT INTO session_access_group_ids(session_key, group_id) VALUES('C2menu82SlL3GuqrP4wE', 'allUsers');
INSERT INTO sessions(key, expiry, device_id, object_id) VALUES('wDXVzBsZJNnXxVTBqGIW', '2023-01-12T23:25:37.818078Z', 186, '102025101977267805051');
INSERT INTO session_access_group_ids(session_key, group_id) VALUES('wDXVzBsZJNnXxVTBqGIW', 'allUsers');
INSERT INTO sessions(key, expiry, device_id, object_id) VALUES('vNSuhxa6kLnyrByA3CN6', '2023-01-13T05:04:19.231361Z', 186, '102025101977267805051');
INSERT INTO session_access_group_ids(session_key, group_id) VALUES('vNSuhxa6kLnyrByA3CN6', 'allUsers');
INSERT INTO sessions(key, expiry, device_id, object_id) VALUES('jxwmkpKy4NEjnRqqMohX', '2023-01-13T05:21:08.312338Z', 186, '102025101977267805051');
INSERT INTO session_access_group_ids(session_key, group_id) VALUES('jxwmkpKy4NEjnRqqMohX', 'allUsers');
INSERT INTO sessions(key, expiry, device_id, object_id) VALUES('sOcJxpw5x97D9Aunaraz', '2023-01-13T05:33:36.476129Z', 186, '102025101977267805051');
INSERT INTO session_access_group_ids(session_key, group_id) VALUES('sOcJxpw5x97D9Aunaraz', 'allUsers');
INSERT INTO sessions(key, expiry, device_id, object_id) VALUES('EPfOYTMsuYBWJnVKcG4Q', '2023-01-13T05:41:37.528304Z', 186, '102025101977267805051');
INSERT INTO session_access_group_ids(session_key, group_id) VALUES('EPfOYTMsuYBWJnVKcG4Q', 'allUsers');
INSERT INTO sessions(key, expiry, device_id, object_id) VALUES('BrUyJKxLVFVf9gL07toq', '2023-01-13T06:16:49.038693Z', 186, '102025101977267805051');
INSERT INTO session_access_group_ids(session_key, group_id) VALUES('BrUyJKxLVFVf9gL07toq', 'allUsers');
INSERT INTO sessions(key, expiry, device_id, object_id) VALUES('jEnedeAcb4QKizVgNzjf', '2023-01-13T07:46:15.03018Z', 186, '102025101977267805051');
INSERT INTO session_access_group_ids(session_key, group_id) VALUES('jEnedeAcb4QKizVgNzjf', 'allUsers');
INSERT INTO sessions(key, expiry, device_id, object_id) VALUES('WW4rB0y92focwgVm2wzD', '2023-01-13T18:19:42.572296Z', 139, '112817585282727384553');
INSERT INTO session_access_group_ids(session_key, group_id) VALUES('WW4rB0y92focwgVm2wzD', 'allUsers');
INSERT INTO sessions(key, expiry, device_id, object_id) VALUES('Ra9r4JpUgYSK9Deqk22e', '2023-01-13T21:57:35.756704Z', 186, '102025101977267805051');
INSERT INTO session_access_group_ids(session_key, group_id) VALUES('Ra9r4JpUgYSK9Deqk22e', 'allUsers');
INSERT INTO sessions(key, expiry, device_id, object_id) VALUES('86mf1LRxtAQxf8EPw8Mk', '2023-01-13T22:02:41.142284Z', 186, '102025101977267805051');
INSERT INTO session_access_group_ids(session_key, group_id) VALUES('86mf1LRxtAQxf8EPw8Mk', 'allUsers');
INSERT INTO sessions(key, expiry, device_id, object_id) VALUES('GILgmCcJ1EnYsyKQsPLD', '2023-01-14T02:04:13.145747Z', 186, '102025101977267805051');
INSERT INTO session_access_group_ids(session_key, group_id) VALUES('GILgmCcJ1EnYsyKQsPLD', 'allUsers');
INSERT INTO sessions(key, expiry, device_id, object_id) VALUES('UWlfTXQqQOGghdTZhhHq', '2023-01-16T19:06:26.893596Z', 186, '102025101977267805051');
INSERT INTO session_access_group_ids(session_key, group_id) VALUES('UWlfTXQqQOGghdTZhhHq', 'allUsers');
INSERT INTO sessions(key, expiry, device_id, object_id) VALUES('lGzfB4TfrvgWAP0tNFO4', '2023-01-16T19:11:27.806167Z', 186, '102025101977267805051');
INSERT INTO session_access_group_ids(session_key, group_id) VALUES('lGzfB4TfrvgWAP0tNFO4', 'allUsers');
INSERT INTO sessions(key, expiry, device_id, object_id) VALUES('iD0V5EuYBLJ1jLTOyVX0', '2023-01-16T19:26:01.130562Z', 76, '100991410869791331471');
INSERT INTO session_access_group_ids(session_key, group_id) VALUES('iD0V5EuYBLJ1jLTOyVX0', 'allUsers');
INSERT INTO sessions(key, expiry, device_id, object_id) VALUES('07br2d3OxSZmLPTKeuV9', '2023-01-16T19:36:00.609681Z', 76, '100991410869791331471');
INSERT INTO session_access_group_ids(session_key, group_id) VALUES('07br2d3OxSZmLPTKeuV9', 'allUsers');
INSERT INTO sessions(key, expiry, device_id, object_id) VALUES('0CjUgmn9InSK5V9GYY6x', '2023-01-16T19:50:42.301964Z', 186, '102025101977267805051');
INSERT INTO session_access_group_ids(session_key, group_id) VALUES('0CjUgmn9InSK5V9GYY6x', 'allUsers');
INSERT INTO sessions(key, expiry, device_id, object_id) VALUES('EwvV7pqC07MKoSQPzj9z', '2023-01-16T20:56:46.062518Z', 186, '102025101977267805051');
INSERT INTO session_access_group_ids(session_key, group_id) VALUES('EwvV7pqC07MKoSQPzj9z', 'allUsers');
INSERT INTO sessions(key, expiry, device_id, object_id) VALUES('dkCJNSKGywMZ9R6kplgp', '2023-01-16T23:24:13.14585Z', 172, '116795182350144818357');
INSERT INTO session_access_group_ids(session_key, group_id) VALUES('dkCJNSKGywMZ9R6kplgp', 'allUsers');
INSERT INTO sessions(key, expiry, device_id, object_id) VALUES('WCWr8XwaPp8kEo5pQpxA', '2023-01-17T00:11:25.149148Z', 172, '116795182350144818357');
INSERT INTO session_access_group_ids(session_key, group_id) VALUES('WCWr8XwaPp8kEo5pQpxA', 'allUsers');
INSERT INTO sessions(key, expiry, device_id, object_id) VALUES('7XSZqwXLxphdIuAP9hm6', '2023-01-17T00:13:44.345556Z', 172, '116795182350144818357');
INSERT INTO session_access_group_ids(session_key, group_id) VALUES('7XSZqwXLxphdIuAP9hm6', 'allUsers');
INSERT INTO sessions(key, expiry, device_id, object_id) VALUES('yXTDkAgJ5J8tLW7GeZnk', '2023-01-17T19:37:42.352492Z', 145, '110197187571246827470');
INSERT INTO session_access_group_ids(session_key, group_id) VALUES('yXTDkAgJ5J8tLW7GeZnk', 'allUsers');
INSERT INTO sessions(key, expiry, device_id, object_id) VALUES('woP7ThVv1H9uFX8jjKov', '2023-01-17T23:10:07.425786Z', 139, '112817585282727384553');
INSERT INTO session_access_group_ids(session_key, group_id) VALUES('woP7ThVv1H9uFX8jjKov', 'allUsers');
INSERT INTO sessions(key, expiry, device_id, object_id) VALUES('0tBoHsUS3Aa09EtJAA0j', '2023-01-18T19:06:18.391065Z', 145, '110197187571246827470');
INSERT INTO session_access_group_ids(session_key, group_id) VALUES('0tBoHsUS3Aa09EtJAA0j', 'allUsers');
INSERT INTO sessions(key, expiry, device_id, object_id) VALUES('TNoUTsiIxIhG8Ap5DWaf', '2023-01-18T20:21:31.603925Z', 139, '112817585282727384553');
INSERT INTO session_access_group_ids(session_key, group_id) VALUES('TNoUTsiIxIhG8Ap5DWaf', 'allUsers');
INSERT INTO sessions(key, expiry, device_id, object_id) VALUES('MQlw06Mt1v9YQNuuCHJA', '2023-01-19T19:27:33.009053Z', 139, '112817585282727384553');
INSERT INTO session_access_group_ids(session_key, group_id) VALUES('MQlw06Mt1v9YQNuuCHJA', 'allUsers');
INSERT INTO sessions(key, expiry, device_id, object_id) VALUES('EcozlwRq6JxUqHAB5KQB', '2023-01-19T22:35:15.288575Z', 139, '112817585282727384553');
INSERT INTO session_access_group_ids(session_key, group_id) VALUES('EcozlwRq6JxUqHAB5KQB', 'allUsers');
INSERT INTO sessions(key, expiry, device_id, object_id) VALUES('z23Z8i4zhbdgNJHaEHlP', '2023-01-20T01:27:31.242464Z', 8, '100985683022959439933');
INSERT INTO session_access_group_ids(session_key, group_id) VALUES('z23Z8i4zhbdgNJHaEHlP', 'allUsers');
INSERT INTO sessions(key, expiry, device_id, object_id) VALUES('v9zNtxLd1JDOnbL4VtKu', '2023-01-20T20:32:11.383897Z', 139, '112817585282727384553');
INSERT INTO session_access_group_ids(session_key, group_id) VALUES('v9zNtxLd1JDOnbL4VtKu', 'allUsers');
INSERT INTO sessions(key, expiry, device_id, object_id) VALUES('Yb2inCbvn45sjpt7ULj5', '2023-01-21T00:22:20.960334Z', 139, '112817585282727384553');
INSERT INTO session_access_group_ids(session_key, group_id) VALUES('Yb2inCbvn45sjpt7ULj5', 'allUsers');
INSERT INTO sessions(key, expiry, device_id, object_id) VALUES('v0cD3su6xGldpvtCaBOj', '2023-01-21T01:11:50.155106Z', 8, '100985683022959439933');
INSERT INTO session_access_group_ids(session_key, group_id) VALUES('v0cD3su6xGldpvtCaBOj', 'allUsers');
INSERT INTO sessions(key, expiry, device_id, object_id) VALUES('nCtdxn37bxn28V1FLotU', '2023-01-23T18:03:14.024367Z', 139, '112817585282727384553');
INSERT INTO session_access_group_ids(session_key, group_id) VALUES('nCtdxn37bxn28V1FLotU', 'allUsers');
INSERT INTO sessions(key, expiry, device_id, object_id) VALUES('NTgLVWD6coW2WqDK4EG6', '2023-01-24T23:38:21.392565Z', 519, '118379929437477700289');
INSERT INTO session_access_group_ids(session_key, group_id) VALUES('NTgLVWD6coW2WqDK4EG6', 'allUsers');
INSERT INTO sessions(key, expiry, device_id, object_id) VALUES('oIpY20TrIIWwmXnQOV8G', '2023-01-25T00:33:55.459143Z', 17, '104769902177610122748');
INSERT INTO session_access_group_ids(session_key, group_id) VALUES('oIpY20TrIIWwmXnQOV8G', 'allUsers');
INSERT INTO sessions(key, expiry, device_id, object_id) VALUES('E2KBSWbL38YLp6jZUazB', '2023-01-25T20:38:23.361278Z', 8, '100985683022959439933');
INSERT INTO session_access_group_ids(session_key, group_id) VALUES('E2KBSWbL38YLp6jZUazB', 'allUsers');
INSERT INTO sessions(key, expiry, device_id, object_id) VALUES('rsvasBbMitHh36tDhKWo', '2023-01-25T21:55:16.443394Z', 17, '104769902177610122748');
INSERT INTO session_access_group_ids(session_key, group_id) VALUES('rsvasBbMitHh36tDhKWo', 'allUsers');
INSERT INTO sessions(key, expiry, device_id, object_id) VALUES('cIzm7wJbM6mzpc84129z', '2023-01-25T22:06:43.919652Z', 519, '118379929437477700289');
INSERT INTO session_access_group_ids(session_key, group_id) VALUES('cIzm7wJbM6mzpc84129z', 'allUsers');
INSERT INTO sessions(key, expiry, device_id, object_id) VALUES('v3owcjsGGKpLoHSi9ff6', '2023-01-26T05:47:33.563007Z', 448, '102746509802024296483');
INSERT INTO session_access_group_ids(session_key, group_id) VALUES('v3owcjsGGKpLoHSi9ff6', 'allUsers');
INSERT INTO sessions(key, expiry, device_id, object_id) VALUES('lWfyPIRrNcEt1mMNFASS', '2023-01-26T06:46:51.340182Z', 448, '102746509802024296483');
INSERT INTO session_access_group_ids(session_key, group_id) VALUES('lWfyPIRrNcEt1mMNFASS', 'allUsers');
INSERT INTO sessions(key, expiry, device_id, object_id) VALUES('zDJKsnVfNiO4KYIXy4AI', '2023-01-26T21:16:52.215946Z', 448, '102746509802024296483');
INSERT INTO session_access_group_ids(session_key, group_id) VALUES('zDJKsnVfNiO4KYIXy4AI', 'allUsers');
INSERT INTO sessions(key, expiry, device_id, object_id) VALUES('qdbepQa2yI5WCraiYSRw', '2023-01-26T22:39:14.204778Z', 8, '100985683022959439933');
INSERT INTO session_access_group_ids(session_key, group_id) VALUES('qdbepQa2yI5WCraiYSRw', 'allUsers');
INSERT INTO sessions(key, expiry, device_id, object_id) VALUES('7UsFKWHjb20QP1zARW32', '2023-01-26T22:45:32.449408Z', 8, '100985683022959439933');
INSERT INTO session_access_group_ids(session_key, group_id) VALUES('7UsFKWHjb20QP1zARW32', 'allUsers');
INSERT INTO sessions(key, expiry, device_id, object_id) VALUES('zraO6Q9r8Hle9XJT6BCm', '2023-01-28T00:47:03.679902Z', 36, '100879755476735167677');
INSERT INTO session_access_group_ids(session_key, group_id) VALUES('zraO6Q9r8Hle9XJT6BCm', 'allUsers');
INSERT INTO sessions(key, expiry, device_id, object_id) VALUES('elzqP4mMyN0v1Jr7x5Va', '2023-01-28T00:55:59.213335Z', 139, '112817585282727384553');
INSERT INTO session_access_group_ids(session_key, group_id) VALUES('elzqP4mMyN0v1Jr7x5Va', 'allUsers');
INSERT INTO sessions(key, expiry, device_id, object_id) VALUES('I5SqTRvNPLWG8QfRKgZf', '2023-01-31T07:54:22.973178Z', 291, '108609806225848391376');
INSERT INTO session_access_group_ids(session_key, group_id) VALUES('I5SqTRvNPLWG8QfRKgZf', 'allUsers');
INSERT INTO sessions(key, expiry, device_id, object_id) VALUES('kimZSExB82LD1mlJTrHe', '2023-01-31T23:53:19.338576Z', 8, '100985683022959439933');
INSERT INTO session_access_group_ids(session_key, group_id) VALUES('kimZSExB82LD1mlJTrHe', 'allUsers');
INSERT INTO sessions(key, expiry, device_id, object_id) VALUES('3rxSCTtmkavl04mvAvsi', '2023-02-01T05:57:15.380511Z', 79, '118030630721247338647');
INSERT INTO session_access_group_ids(session_key, group_id) VALUES('3rxSCTtmkavl04mvAvsi', 'allUsers');
INSERT INTO sessions(key, expiry, device_id, object_id) VALUES('Pdz0oGFMQuF4EZC85oyp', '2023-02-02T18:01:23.824871Z', 453, '115026372797657749588');
INSERT INTO session_access_group_ids(session_key, group_id) VALUES('Pdz0oGFMQuF4EZC85oyp', 'allUsers');
INSERT INTO sessions(key, expiry, device_id, object_id) VALUES('dGwaDaJjaJ9Y7dwlUDpE', '2023-02-02T23:56:37.79522Z', 17, '104769902177610122748');
INSERT INTO session_access_group_ids(session_key, group_id) VALUES('dGwaDaJjaJ9Y7dwlUDpE', 'allUsers');
INSERT INTO sessions(key, expiry, device_id, object_id) VALUES('NJqpoA8Ke5I18fGPFYD1', '2023-02-06T06:52:21.555491Z', 291, '108609806225848391376');
INSERT INTO session_access_group_ids(session_key, group_id) VALUES('NJqpoA8Ke5I18fGPFYD1', 'allUsers');
INSERT INTO sessions(key, expiry, device_id, object_id) VALUES('hJrsO6vkdCH52E5Sp2t8', '2023-02-06T18:23:10.432793Z', 76, '100991410869791331471');
INSERT INTO session_access_group_ids(session_key, group_id) VALUES('hJrsO6vkdCH52E5Sp2t8', 'allUsers');
INSERT INTO sessions(key, expiry, device_id, object_id) VALUES('2WQGGHlbkHhD6568LEII', '2023-02-07T17:55:54.725355Z', 525, '112665949801795306885');
INSERT INTO session_access_group_ids(session_key, group_id) VALUES('2WQGGHlbkHhD6568LEII', 'allUsers');
INSERT INTO sessions(key, expiry, device_id, object_id) VALUES('EB1KT0Kw7F4ffTTnF939', '2023-02-09T00:35:00.361685Z', 291, '108609806225848391376');
INSERT INTO session_access_group_ids(session_key, group_id) VALUES('EB1KT0Kw7F4ffTTnF939', 'allUsers');
INSERT INTO sessions(key, expiry, device_id, object_id) VALUES('Kk0QDCBb4UE9IMq6wIgo', '2023-02-09T17:38:33.089176Z', 291, '108609806225848391376');
INSERT INTO session_access_group_ids(session_key, group_id) VALUES('Kk0QDCBb4UE9IMq6wIgo', 'allUsers');
INSERT INTO sessions(key, expiry, device_id, object_id) VALUES('Symw7tQ1JTyHU9iAamzj', '2023-02-09T17:39:07.352542Z', 525, '112665949801795306885');
INSERT INTO session_access_group_ids(session_key, group_id) VALUES('Symw7tQ1JTyHU9iAamzj', 'allUsers');
INSERT INTO sessions(key, expiry, device_id, object_id) VALUES('8o8PIcKIJTZ300LVaESD', '2023-02-09T18:03:00.835239Z', 17, '104769902177610122748');
INSERT INTO session_access_group_ids(session_key, group_id) VALUES('8o8PIcKIJTZ300LVaESD', 'allUsers');
INSERT INTO sessions(key, expiry, device_id, object_id) VALUES('sOpbKYIHLNPFepl1bvYN', '2023-02-09T18:21:29.894131Z', 225, '115951854201743146619');
INSERT INTO session_access_group_ids(session_key, group_id) VALUES('sOpbKYIHLNPFepl1bvYN', 'allUsers');
INSERT INTO sessions(key, expiry, device_id, object_id) VALUES('0VBy26GUul30vxGZD7i3', '2023-02-11T00:22:36.749175Z', 8, '100985683022959439933');
INSERT INTO session_access_group_ids(session_key, group_id) VALUES('0VBy26GUul30vxGZD7i3', 'allUsers');
INSERT INTO sessions(key, expiry, device_id, object_id) VALUES('BM4i3gnUmjP1v2RIm6gA', '2023-02-13T18:32:23.349461Z', 526, '118030630721247338647');
INSERT INTO session_access_group_ids(session_key, group_id) VALUES('BM4i3gnUmjP1v2RIm6gA', 'allUsers');
INSERT INTO sessions(key, expiry, device_id, object_id) VALUES('8tJuqvWMO1nCOiwiiEoG', '2023-02-13T23:13:19.89527Z', 519, '118379929437477700289');
INSERT INTO session_access_group_ids(session_key, group_id) VALUES('8tJuqvWMO1nCOiwiiEoG', 'allUsers');
INSERT INTO sessions(key, expiry, device_id, object_id) VALUES('IozzPwLAsXem0LEswps2', '2023-02-15T16:45:36.880945Z', 145, '110197187571246827470');
INSERT INTO session_access_group_ids(session_key, group_id) VALUES('IozzPwLAsXem0LEswps2', 'allUsers');
INSERT INTO sessions(key, expiry, device_id, object_id) VALUES('zhxcMctEU9qDTYbjySsC', '2023-02-15T19:41:03.577091Z', 139, '112817585282727384553');
INSERT INTO session_access_group_ids(session_key, group_id) VALUES('zhxcMctEU9qDTYbjySsC', 'allUsers');
INSERT INTO sessions(key, expiry, device_id, object_id) VALUES('1gG88dpDfRXgvkCJPYdA', '2023-02-15T19:49:23.938129Z', 8, '100985683022959439933');
INSERT INTO session_access_group_ids(session_key, group_id) VALUES('1gG88dpDfRXgvkCJPYdA', 'allUsers');
INSERT INTO sessions(key, expiry, device_id, object_id) VALUES('ymYWvDhtz6WV5ya42zbB', '2023-02-15T21:10:56.817443Z', 8, '100985683022959439933');
INSERT INTO session_access_group_ids(session_key, group_id) VALUES('ymYWvDhtz6WV5ya42zbB', 'allUsers');
INSERT INTO sessions(key, expiry, device_id, object_id) VALUES('aVQB8tczXbGIsRaMSfkL', '2023-02-16T20:55:08.498253Z', 291, '108609806225848391376');
INSERT INTO session_access_group_ids(session_key, group_id) VALUES('aVQB8tczXbGIsRaMSfkL', 'allUsers');
INSERT INTO sessions(key, expiry, device_id, object_id) VALUES('4ZZNMLmvnpbsbG5yfDe4', '2023-02-17T17:20:33.003949Z', 453, '115026372797657749588');
INSERT INTO session_access_group_ids(session_key, group_id) VALUES('4ZZNMLmvnpbsbG5yfDe4', 'allUsers');
INSERT INTO sessions(key, expiry, device_id, object_id) VALUES('4ePUb3W9BSHvcFat9U2z', '2023-02-17T18:45:54.257762Z', 172, '116795182350144818357');
INSERT INTO session_access_group_ids(session_key, group_id) VALUES('4ePUb3W9BSHvcFat9U2z', 'allUsers');
INSERT INTO sessions(key, expiry, device_id, object_id) VALUES('pRu9KmGAMSrF16PqqVsh', '2023-02-17T21:58:53.953086Z', 8, '100985683022959439933');
INSERT INTO session_access_group_ids(session_key, group_id) VALUES('pRu9KmGAMSrF16PqqVsh', 'allUsers');
INSERT INTO sessions(key, expiry, device_id, object_id) VALUES('RrdRPo5v8Acq1Ml9NSVa', '2023-02-22T17:29:56.610324Z', 519, '118379929437477700289');
INSERT INTO session_access_group_ids(session_key, group_id) VALUES('RrdRPo5v8Acq1Ml9NSVa', 'allUsers');
INSERT INTO sessions(key, expiry, device_id, object_id) VALUES('psiVPoXdGz5pPU2OdhWI', '2023-02-22T19:26:22.924001Z', 453, '115026372797657749588');
INSERT INTO session_access_group_ids(session_key, group_id) VALUES('psiVPoXdGz5pPU2OdhWI', 'allUsers');
INSERT INTO sessions(key, expiry, device_id, object_id) VALUES('USOpTAEMFgkPUl9bTWxj', '2023-02-22T23:30:09.463713Z', 87, '112867350575431171492');
INSERT INTO session_access_group_ids(session_key, group_id) VALUES('USOpTAEMFgkPUl9bTWxj', 'allUsers');
INSERT INTO sessions(key, expiry, device_id, object_id) VALUES('EHuTfoQfxkrHiAlg6fT8', '2023-02-23T18:07:46.231719Z', 87, '112867350575431171492');
INSERT INTO session_access_group_ids(session_key, group_id) VALUES('EHuTfoQfxkrHiAlg6fT8', 'allUsers');
INSERT INTO sessions(key, expiry, device_id, object_id) VALUES('x6TqNsiLUzKhLHZBb9D8', '2023-02-24T17:46:30.044758Z', 453, '115026372797657749588');
INSERT INTO session_access_group_ids(session_key, group_id) VALUES('x6TqNsiLUzKhLHZBb9D8', 'allUsers');
INSERT INTO sessions(key, expiry, device_id, object_id) VALUES('1WdWUeWuI7G5wrvvPRbt', '2023-02-28T00:49:43.55645Z', 36, '100879755476735167677');
INSERT INTO session_access_group_ids(session_key, group_id) VALUES('1WdWUeWuI7G5wrvvPRbt', 'allUsers');
INSERT INTO sessions(key, expiry, device_id, object_id) VALUES('Cg7TbGi2ntRwHfXyyDVC', '2023-02-28T19:15:35.076825Z', 139, '112817585282727384553');
INSERT INTO session_access_group_ids(session_key, group_id) VALUES('Cg7TbGi2ntRwHfXyyDVC', 'allUsers');
INSERT INTO sessions(key, expiry, device_id, object_id) VALUES('XFWw6nFCIhqxmKcbviat', '2023-02-28T19:28:04.54347Z', 17, '104769902177610122748');
INSERT INTO session_access_group_ids(session_key, group_id) VALUES('XFWw6nFCIhqxmKcbviat', 'allUsers');
INSERT INTO sessions(key, expiry, device_id, object_id) VALUES('1eU5OpbJD0Ij4GzjZB8H', '2023-03-01T21:26:16.328653Z', 317, '115979222766842651120');
INSERT INTO session_access_group_ids(session_key, group_id) VALUES('1eU5OpbJD0Ij4GzjZB8H', 'allUsers');
INSERT INTO sessions(key, expiry, device_id, object_id) VALUES('JhVODiQ04fLo889i1Yyx', '2023-03-03T00:31:05.432125Z', 527, '110465675107282475298');
INSERT INTO session_access_group_ids(session_key, group_id) VALUES('JhVODiQ04fLo889i1Yyx', 'allUsers');
INSERT INTO sessions(key, expiry, device_id, object_id) VALUES('eT0mEqDhYtdPQe31jumn', '2023-03-03T18:57:17.336511Z', 17, '104769902177610122748');
INSERT INTO session_access_group_ids(session_key, group_id) VALUES('eT0mEqDhYtdPQe31jumn', 'allUsers');
INSERT INTO sessions(key, expiry, device_id, object_id) VALUES('PIfSCCczbqzwD3SqnNde', '2023-03-03T23:28:52.959112Z', 76, '100991410869791331471');
INSERT INTO session_access_group_ids(session_key, group_id) VALUES('PIfSCCczbqzwD3SqnNde', 'allUsers');
INSERT INTO sessions(key, expiry, device_id, object_id) VALUES('HZzBKU7VNvxPHvTZ8iQQ', '2023-03-06T19:55:42.915278Z', 291, '108609806225848391376');
INSERT INTO session_access_group_ids(session_key, group_id) VALUES('HZzBKU7VNvxPHvTZ8iQQ', 'allUsers');
INSERT INTO sessions(key, expiry, device_id, object_id) VALUES('NvNlSCykqiSLAnXdcetQ', '2023-03-06T20:22:28.771057Z', 8, '100985683022959439933');
INSERT INTO session_access_group_ids(session_key, group_id) VALUES('NvNlSCykqiSLAnXdcetQ', 'allUsers');
INSERT INTO sessions(key, expiry, device_id, object_id) VALUES('oM6Rn9ZmblNtlbd4yXGh', '2023-03-09T01:19:48.064203Z', 17, '104769902177610122748');
INSERT INTO session_access_group_ids(session_key, group_id) VALUES('oM6Rn9ZmblNtlbd4yXGh', 'allUsers');
INSERT INTO sessions(key, expiry, device_id, object_id) VALUES('GmQG6NhdH0DBrwrc9jnU', '2023-03-10T19:22:58.191142Z', 8, '100985683022959439933');
INSERT INTO session_access_group_ids(session_key, group_id) VALUES('GmQG6NhdH0DBrwrc9jnU', 'allUsers');
INSERT INTO sessions(key, expiry, device_id, object_id) VALUES('UC7S12UJ2M2bIn9AxUkD', '2023-03-13T17:57:27.958518Z', 519, '118379929437477700289');
INSERT INTO session_access_group_ids(session_key, group_id) VALUES('UC7S12UJ2M2bIn9AxUkD', 'allUsers');
INSERT INTO sessions(key, expiry, device_id, object_id) VALUES('zax942KCZqz5G4EZHobV', '2023-03-15T00:36:58.205792Z', 8, '100985683022959439933');
INSERT INTO session_access_group_ids(session_key, group_id) VALUES('zax942KCZqz5G4EZHobV', 'allUsers');
INSERT INTO sessions(key, expiry, device_id, object_id) VALUES('FLHuJo2efmuHfuOXVS0N', '2023-03-15T18:39:08.979402Z', 526, '118030630721247338647');
INSERT INTO session_access_group_ids(session_key, group_id) VALUES('FLHuJo2efmuHfuOXVS0N', 'allUsers');
INSERT INTO sessions(key, expiry, device_id, object_id) VALUES('LP5JoxnAg1TsLog2nPTy', '2023-03-15T18:57:35.081533Z', 8, '100985683022959439933');
INSERT INTO session_access_group_ids(session_key, group_id) VALUES('LP5JoxnAg1TsLog2nPTy', 'allUsers');
INSERT INTO sessions(key, expiry, device_id, object_id) VALUES('uezDVyBWa9vUqj2lFwWP', '2023-03-15T19:07:09.955544Z', 17, '104769902177610122748');
INSERT INTO session_access_group_ids(session_key, group_id) VALUES('uezDVyBWa9vUqj2lFwWP', 'allUsers');
INSERT INTO sessions(key, expiry, device_id, object_id) VALUES('xw6FcTnTZAQKEkCNftWz', '2023-03-15T19:13:00.650552Z', 519, '118379929437477700289');
INSERT INTO session_access_group_ids(session_key, group_id) VALUES('xw6FcTnTZAQKEkCNftWz', 'allUsers');
INSERT INTO sessions(key, expiry, device_id, object_id) VALUES('voPgOBvL6a5HtYOPpZor', '2023-03-15T21:41:37.284849Z', 291, '108609806225848391376');
INSERT INTO session_access_group_ids(session_key, group_id) VALUES('voPgOBvL6a5HtYOPpZor', 'allUsers');
INSERT INTO sessions(key, expiry, device_id, object_id) VALUES('2Ica8m7MrmHtJjnrRO7S', '2023-03-16T17:55:04.952602Z', 519, '118379929437477700289');
INSERT INTO session_access_group_ids(session_key, group_id) VALUES('2Ica8m7MrmHtJjnrRO7S', 'allUsers');
INSERT INTO sessions(key, expiry, device_id, object_id) VALUES('DyA6fYBVK0WPhc9ludS5', '2023-03-16T19:28:38.002405Z', 8, '100985683022959439933');
INSERT INTO session_access_group_ids(session_key, group_id) VALUES('DyA6fYBVK0WPhc9ludS5', 'allUsers');
INSERT INTO sessions(key, expiry, device_id, object_id) VALUES('JUa1JkyDilEhWXyQ0Z1I', '2023-03-21T21:09:05.365426Z', 17, '104769902177610122748');
INSERT INTO session_access_group_ids(session_key, group_id) VALUES('JUa1JkyDilEhWXyQ0Z1I', 'allUsers');
INSERT INTO sessions(key, expiry, device_id, object_id) VALUES('DEs2LImbiPhcBhr6QntB', '2023-03-21T21:21:29.900523Z', 87, '112867350575431171492');
INSERT INTO session_access_group_ids(session_key, group_id) VALUES('DEs2LImbiPhcBhr6QntB', 'allUsers');
INSERT INTO sessions(key, expiry, device_id, object_id) VALUES('1pKQqlthi6SO9almQ6dK', '2023-03-21T21:22:49.542864Z', 87, '112867350575431171492');
INSERT INTO session_access_group_ids(session_key, group_id) VALUES('1pKQqlthi6SO9almQ6dK', 'allUsers');
INSERT INTO sessions(key, expiry, device_id, object_id) VALUES('t6TukEeunt8c186oFk73', '2023-03-21T22:53:54.459153Z', 87, '112867350575431171492');
INSERT INTO session_access_group_ids(session_key, group_id) VALUES('t6TukEeunt8c186oFk73', 'allUsers');
INSERT INTO sessions(key, expiry, device_id, object_id) VALUES('gUetTTmqmlkt2K6pPohG', '2023-03-21T23:09:44.337214Z', 8, '100985683022959439933');
INSERT INTO session_access_group_ids(session_key, group_id) VALUES('gUetTTmqmlkt2K6pPohG', 'allUsers');
INSERT INTO sessions(key, expiry, device_id, object_id) VALUES('bWqWDe870CIjOdUpF4b5', '2023-03-27T16:51:41.983046Z', 448, '102746509802024296483');
INSERT INTO session_access_group_ids(session_key, group_id) VALUES('bWqWDe870CIjOdUpF4b5', 'allUsers');
INSERT INTO sessions(key, expiry, device_id, object_id) VALUES('XlnmWkPGLbfbH9SZs8Pb', '2023-03-14T22:31:12.402138Z', 17, '104769902177610122748');
INSERT INTO session_access_group_ids(session_key, group_id) VALUES('XlnmWkPGLbfbH9SZs8Pb', 'allUsers');
INSERT INTO sessions(key, expiry, device_id, object_id) VALUES('Q0SakeKi6z1TpcRyxzXZ', '2023-03-14T23:44:09.366151Z', 519, '118379929437477700289');
INSERT INTO session_access_group_ids(session_key, group_id) VALUES('Q0SakeKi6z1TpcRyxzXZ', 'allUsers');
INSERT INTO sessions(key, expiry, device_id, object_id) VALUES('av6GrhIo6RlNckPQ77t8', '2023-03-16T22:13:45.659394Z', 529, '114602623331447856225');
INSERT INTO session_access_group_ids(session_key, group_id) VALUES('av6GrhIo6RlNckPQ77t8', 'allUsers');
INSERT INTO sessions(key, expiry, device_id, object_id) VALUES('05EmRjMPRiBrHAMVjzSD', '2023-03-17T17:59:39.064253Z', 519, '118379929437477700289');
INSERT INTO session_access_group_ids(session_key, group_id) VALUES('05EmRjMPRiBrHAMVjzSD', 'allUsers');
INSERT INTO sessions(key, expiry, device_id, object_id) VALUES('i2RzmO1dZtrBf3v1BeuC', '2023-03-18T00:47:54.699799Z', 8, '100985683022959439933');
INSERT INTO session_access_group_ids(session_key, group_id) VALUES('i2RzmO1dZtrBf3v1BeuC', 'allUsers');
INSERT INTO sessions(key, expiry, device_id, object_id) VALUES('2GIww6oA9YTa9ns1FKqh', '2023-03-19T18:13:57.698412Z', 519, '118379929437477700289');
INSERT INTO session_access_group_ids(session_key, group_id) VALUES('2GIww6oA9YTa9ns1FKqh', 'allUsers');
INSERT INTO sessions(key, expiry, device_id, object_id) VALUES('TuT9rCrUozFwo6smVCeP', '2023-03-22T17:11:18.700822Z', 87, '112867350575431171492');
INSERT INTO session_access_group_ids(session_key, group_id) VALUES('TuT9rCrUozFwo6smVCeP', 'allUsers');
INSERT INTO sessions(key, expiry, device_id, object_id) VALUES('8OgL29QdEqOaf4bbPEfB', '2023-03-23T18:24:04.628847Z', 87, '112867350575431171492');
INSERT INTO session_access_group_ids(session_key, group_id) VALUES('8OgL29QdEqOaf4bbPEfB', 'allUsers');
INSERT INTO sessions(key, expiry, device_id, object_id) VALUES('DwsauMq5qddcVALp43op', '2023-03-23T18:26:54.429224Z', 291, '108609806225848391376');
INSERT INTO session_access_group_ids(session_key, group_id) VALUES('DwsauMq5qddcVALp43op', 'allUsers');
INSERT INTO sessions(key, expiry, device_id, object_id) VALUES('yYFpm9uE5g9T6aSKAAr5', '2023-03-28T18:18:55.27735Z', 526, '118030630721247338647');
INSERT INTO session_access_group_ids(session_key, group_id) VALUES('yYFpm9uE5g9T6aSKAAr5', 'allUsers');
INSERT INTO sessions(key, expiry, device_id, object_id) VALUES('6hWaKgzuGFpIC69brdZV', '2023-03-28T20:24:37.904378Z', 139, '112817585282727384553');
INSERT INTO session_access_group_ids(session_key, group_id) VALUES('6hWaKgzuGFpIC69brdZV', 'allUsers');
INSERT INTO sessions(key, expiry, device_id, object_id) VALUES('UDEe3vOAe1yZSVuF6SYY', '2023-03-29T18:31:27.452272Z', 145, '110197187571246827470');
INSERT INTO session_access_group_ids(session_key, group_id) VALUES('UDEe3vOAe1yZSVuF6SYY', 'allUsers');
INSERT INTO sessions(key, expiry, device_id, object_id) VALUES('9MmnXSsw75tpLRrOfffV', '2023-03-29T22:06:21.444272Z', 317, '115979222766842651120');
INSERT INTO session_access_group_ids(session_key, group_id) VALUES('9MmnXSsw75tpLRrOfffV', 'allUsers');
INSERT INTO sessions(key, expiry, device_id, object_id) VALUES('8nTbAgcvu3j3I1oWFnZ5', '2023-03-29T23:47:01.566323Z', 139, '112817585282727384553');
INSERT INTO session_access_group_ids(session_key, group_id) VALUES('8nTbAgcvu3j3I1oWFnZ5', 'allUsers');
INSERT INTO sessions(key, expiry, device_id, object_id) VALUES('Q3qqq5VcZ3j1JIzB5miv', '2023-03-30T21:46:25.180279Z', 8, '100985683022959439933');
INSERT INTO session_access_group_ids(session_key, group_id) VALUES('Q3qqq5VcZ3j1JIzB5miv', 'allUsers');
INSERT INTO sessions(key, expiry, device_id, object_id) VALUES('pBByn1xgsWx9isFEeYnA', '2023-04-01T01:05:25.889373Z', 529, '114602623331447856225');
INSERT INTO session_access_group_ids(session_key, group_id) VALUES('pBByn1xgsWx9isFEeYnA', 'allUsers');
INSERT INTO sessions(key, expiry, device_id, object_id) VALUES('sMef3ovlQLp7Rwj91plv', '2023-04-03T19:26:37.975857Z', 36, '100879755476735167677');
INSERT INTO session_access_group_ids(session_key, group_id) VALUES('sMef3ovlQLp7Rwj91plv', 'allUsers');
INSERT INTO sessions(key, expiry, device_id, object_id) VALUES('09jtG2nI1dHks9MvEfyT', '2023-04-03T19:27:15.645964Z', 529, '114602623331447856225');
INSERT INTO session_access_group_ids(session_key, group_id) VALUES('09jtG2nI1dHks9MvEfyT', 'allUsers');
INSERT INTO sessions(key, expiry, device_id, object_id) VALUES('GGmg9OzfFFUbTRzIc8px', '2023-04-05T20:46:46.249311Z', 145, '110197187571246827470');
INSERT INTO session_access_group_ids(session_key, group_id) VALUES('GGmg9OzfFFUbTRzIc8px', 'allUsers');
INSERT INTO sessions(key, expiry, device_id, object_id) VALUES('vUne0h4LgD3Zjq9djTj9', '2023-04-11T22:08:26.065532Z', 8, '100985683022959439933');
INSERT INTO session_access_group_ids(session_key, group_id) VALUES('vUne0h4LgD3Zjq9djTj9', 'allUsers');
INSERT INTO sessions(key, expiry, device_id, object_id) VALUES('nIoLayrqzp8Yq6rMm0Da', '2023-04-12T20:04:37.62351Z', 8, '100985683022959439933');
INSERT INTO session_access_group_ids(session_key, group_id) VALUES('nIoLayrqzp8Yq6rMm0Da', 'allUsers');
INSERT INTO sessions(key, expiry, device_id, object_id) VALUES('3DzwztTKfiyeemqWzmm3', '2023-04-12T21:13:54.49477Z', 87, '112867350575431171492');
INSERT INTO session_access_group_ids(session_key, group_id) VALUES('3DzwztTKfiyeemqWzmm3', 'allUsers');
INSERT INTO sessions(key, expiry, device_id, object_id) VALUES('4mlqXlX4o9EIXSm79DWH', '2023-04-13T19:08:54.08738Z', 525, '112665949801795306885');
INSERT INTO session_access_group_ids(session_key, group_id) VALUES('4mlqXlX4o9EIXSm79DWH', 'allUsers');
INSERT INTO sessions(key, expiry, device_id, object_id) VALUES('nutzHD7eLRrbtvbnWdo3', '2023-04-13T19:34:38.37984Z', 172, '116795182350144818357');
INSERT INTO session_access_group_ids(session_key, group_id) VALUES('nutzHD7eLRrbtvbnWdo3', 'allUsers');
INSERT INTO sessions(key, expiry, device_id, object_id) VALUES('6GEg1jF22ujOGbORmFAQ', '2023-04-13T20:06:42.809803Z', 186, '102025101977267805051');
INSERT INTO session_access_group_ids(session_key, group_id) VALUES('6GEg1jF22ujOGbORmFAQ', 'allUsers');
INSERT INTO sessions(key, expiry, device_id, object_id) VALUES('RjNCccl7fx5DLTQa4vKm', '2023-04-13T23:29:17.892068Z', 145, '110197187571246827470');
INSERT INTO session_access_group_ids(session_key, group_id) VALUES('RjNCccl7fx5DLTQa4vKm', 'allUsers');
INSERT INTO sessions(key, expiry, device_id, object_id) VALUES('DGfU9wZ18q7HeZH0EMtw', '2023-04-14T23:39:33.509354Z', 139, '112817585282727384553');
INSERT INTO session_access_group_ids(session_key, group_id) VALUES('DGfU9wZ18q7HeZH0EMtw', 'allUsers');
INSERT INTO sessions(key, expiry, device_id, object_id) VALUES('Qp2Lmw2jWcOsu4P4nyFV', '2023-04-17T05:10:43.249184Z', 525, '112665949801795306885');
INSERT INTO session_access_group_ids(session_key, group_id) VALUES('Qp2Lmw2jWcOsu4P4nyFV', 'allUsers');
INSERT INTO sessions(key, expiry, device_id, object_id) VALUES('SpuPJsHMFlXvPYgJMaA1', '2023-04-18T23:34:10.541876Z', 8, '100985683022959439933');
INSERT INTO session_access_group_ids(session_key, group_id) VALUES('SpuPJsHMFlXvPYgJMaA1', 'allUsers');
INSERT INTO sessions(key, expiry, device_id, object_id) VALUES('MXWb8vaG4dXAEXbiKkeb', '2023-04-20T20:31:12.98423Z', 17, '104769902177610122748');
INSERT INTO session_access_group_ids(session_key, group_id) VALUES('MXWb8vaG4dXAEXbiKkeb', 'allUsers');
INSERT INTO sessions(key, expiry, device_id, object_id) VALUES('0AFasNvEM2VEQnrRyDvR', '2023-04-20T20:52:49.641116Z', 8, '100985683022959439933');
INSERT INTO session_access_group_ids(session_key, group_id) VALUES('0AFasNvEM2VEQnrRyDvR', 'allUsers');
INSERT INTO sessions(key, expiry, device_id, object_id) VALUES('Ll2rV5GYtsxfWJTOyp3n', '2023-04-21T20:47:17.308119Z', 139, '112817585282727384553');
INSERT INTO session_access_group_ids(session_key, group_id) VALUES('Ll2rV5GYtsxfWJTOyp3n', 'allUsers');
INSERT INTO sessions(key, expiry, device_id, object_id) VALUES('p2Fj4wiG1j1WUWwz69R3', '2023-04-24T19:01:36.737875Z', 453, '115026372797657749588');
INSERT INTO session_access_group_ids(session_key, group_id) VALUES('p2Fj4wiG1j1WUWwz69R3', 'allUsers');
INSERT INTO sessions(key, expiry, device_id, object_id) VALUES('J7qIdrM0Kezifyg2sNSS', '2023-04-24T19:06:31.887996Z', 8, '100985683022959439933');
INSERT INTO session_access_group_ids(session_key, group_id) VALUES('J7qIdrM0Kezifyg2sNSS', 'allUsers');
INSERT INTO sessions(key, expiry, device_id, object_id) VALUES('SdRktnb8oPWzSUEdzkMb', '2023-04-25T00:21:58.103671Z', 17, '104769902177610122748');
INSERT INTO session_access_group_ids(session_key, group_id) VALUES('SdRktnb8oPWzSUEdzkMb', 'allUsers');
INSERT INTO sessions(key, expiry, device_id, object_id) VALUES('7fPz2hk6SUfLMe60mQoz', '2023-04-25T16:35:42.93793Z', 291, '108609806225848391376');
INSERT INTO session_access_group_ids(session_key, group_id) VALUES('7fPz2hk6SUfLMe60mQoz', 'allUsers');
INSERT INTO sessions(key, expiry, device_id, object_id) VALUES('lTKuQWpttcQsqtnlM7CC', '2023-04-26T17:49:32.71811Z', 291, '108609806225848391376');
INSERT INTO session_access_group_ids(session_key, group_id) VALUES('lTKuQWpttcQsqtnlM7CC', 'allUsers');
INSERT INTO sessions(key, expiry, device_id, object_id) VALUES('s6a1ddWGMCl88JNq5SAt', '2023-04-27T20:57:41.91087Z', 139, '112817585282727384553');
INSERT INTO session_access_group_ids(session_key, group_id) VALUES('s6a1ddWGMCl88JNq5SAt', 'allUsers');
INSERT INTO sessions(key, expiry, device_id, object_id) VALUES('CsSpeR3F5KJqPRGVLSnP', '2023-05-02T19:56:45.421094Z', 453, '115026372797657749588');
INSERT INTO session_access_group_ids(session_key, group_id) VALUES('CsSpeR3F5KJqPRGVLSnP', 'allUsers');
INSERT INTO sessions(key, expiry, device_id, object_id) VALUES('42nSbJ9kjeqnnX9C0FsA', '2023-05-04T17:15:27.311786Z', 139, '112817585282727384553');
INSERT INTO session_access_group_ids(session_key, group_id) VALUES('42nSbJ9kjeqnnX9C0FsA', 'allUsers');
INSERT INTO sessions(key, expiry, device_id, object_id) VALUES('Xm5iIPq5qAVuu3LEF2jw', '2023-05-06T00:26:20.536418Z', 17, '104769902177610122748');
INSERT INTO session_access_group_ids(session_key, group_id) VALUES('Xm5iIPq5qAVuu3LEF2jw', 'allUsers');
INSERT INTO sessions(key, expiry, device_id, object_id) VALUES('aNNDCcAlE4qjYOwNZZpQ', '2023-05-08T18:07:59.614425Z', 139, '112817585282727384553');
INSERT INTO session_access_group_ids(session_key, group_id) VALUES('aNNDCcAlE4qjYOwNZZpQ', 'allUsers');
INSERT INTO sessions(key, expiry, device_id, object_id) VALUES('lFes8FFIKpNpw2jKGEvL', '2023-05-08T21:00:17.235446Z', 529, '114602623331447856225');
INSERT INTO session_access_group_ids(session_key, group_id) VALUES('lFes8FFIKpNpw2jKGEvL', 'allUsers');
INSERT INTO sessions(key, expiry, device_id, object_id) VALUES('31r4JU7eGQNSyAHBEVEg', '2023-05-09T17:44:28.66881Z', 529, '114602623331447856225');
INSERT INTO session_access_group_ids(session_key, group_id) VALUES('31r4JU7eGQNSyAHBEVEg', 'allUsers');
INSERT INTO sessions(key, expiry, device_id, object_id) VALUES('9Fr8y8NXwAxLb7Jk7EuT', '2023-05-09T17:57:20.897329Z', 519, '118379929437477700289');
INSERT INTO session_access_group_ids(session_key, group_id) VALUES('9Fr8y8NXwAxLb7Jk7EuT', 'allUsers');
INSERT INTO sessions(key, expiry, device_id, object_id) VALUES('KYbJITqYj3qhk5mBKb4D', '2023-05-09T21:14:48.412476Z', 529, '114602623331447856225');
INSERT INTO session_access_group_ids(session_key, group_id) VALUES('KYbJITqYj3qhk5mBKb4D', 'allUsers');
INSERT INTO sessions(key, expiry, device_id, object_id) VALUES('nTNPprUsTUSOKMCZYwAE', '2023-05-10T02:09:01.251529Z', 291, '108609806225848391376');
INSERT INTO session_access_group_ids(session_key, group_id) VALUES('nTNPprUsTUSOKMCZYwAE', 'allUsers');
INSERT INTO sessions(key, expiry, device_id, object_id) VALUES('R3Vyg5fMcZFIhVu1osjG', '2023-05-10T16:38:12.10404Z', 291, '108609806225848391376');
INSERT INTO session_access_group_ids(session_key, group_id) VALUES('R3Vyg5fMcZFIhVu1osjG', 'allUsers');
INSERT INTO sessions(key, expiry, device_id, object_id) VALUES('2fenam3EG2lg5oGk62RZ', '2023-05-10T20:45:01.55313Z', 519, '118379929437477700289');
INSERT INTO session_access_group_ids(session_key, group_id) VALUES('2fenam3EG2lg5oGk62RZ', 'allUsers');
INSERT INTO sessions(key, expiry, device_id, object_id) VALUES('kiWQpLAVliJu0oQZBSlI', '2023-05-10T20:50:08.657762Z', 186, '102025101977267805051');
INSERT INTO session_access_group_ids(session_key, group_id) VALUES('kiWQpLAVliJu0oQZBSlI', 'allUsers');
INSERT INTO sessions(key, expiry, device_id, object_id) VALUES('WbZ3uDrclkjNYYKcp9Bf', '2023-05-11T23:18:39.676958Z', 291, '108609806225848391376');
INSERT INTO session_access_group_ids(session_key, group_id) VALUES('WbZ3uDrclkjNYYKcp9Bf', 'allUsers');
INSERT INTO sessions(key, expiry, device_id, object_id) VALUES('6xNkyLYkW4hHCoOEzkpF', '2023-05-19T16:23:17.018378Z', 519, '118379929437477700289');
INSERT INTO session_access_group_ids(session_key, group_id) VALUES('6xNkyLYkW4hHCoOEzkpF', 'allUsers');
INSERT INTO sessions(key, expiry, device_id, object_id) VALUES('h1jgvV8PJb8P07LeMuK6', '2023-05-23T22:28:35.108131Z', 186, '102025101977267805051');
INSERT INTO session_access_group_ids(session_key, group_id) VALUES('h1jgvV8PJb8P07LeMuK6', 'allUsers');
INSERT INTO sessions(key, expiry, device_id, object_id) VALUES('dq126SIWk0B8U3ccVXV0', '2023-05-25T21:05:59.337385Z', 8, '100985683022959439933');
INSERT INTO session_access_group_ids(session_key, group_id) VALUES('dq126SIWk0B8U3ccVXV0', 'allUsers');
INSERT INTO sessions(key, expiry, device_id, object_id) VALUES('z3rzEnPZcU8FdFZG0CZV', '2023-05-25T21:37:55.868473Z', 139, '112817585282727384553');
INSERT INTO session_access_group_ids(session_key, group_id) VALUES('z3rzEnPZcU8FdFZG0CZV', 'allUsers');
INSERT INTO sessions(key, expiry, device_id, object_id) VALUES('Yjyqs2oOQwPpjDVxKhw8', '2023-05-25T21:48:49.719015Z', 225, '115951854201743146619');
INSERT INTO session_access_group_ids(session_key, group_id) VALUES('Yjyqs2oOQwPpjDVxKhw8', 'allUsers');
INSERT INTO sessions(key, expiry, device_id, object_id) VALUES('ZcuB0ivCcuNydPDd6Lhg', '2023-05-30T20:26:38.577931Z', 8, '100985683022959439933');
INSERT INTO session_access_group_ids(session_key, group_id) VALUES('ZcuB0ivCcuNydPDd6Lhg', 'allUsers');
INSERT INTO sessions(key, expiry, device_id, object_id) VALUES('3GqvkhcZLXTiCrekIMCt', '2023-06-01T22:30:37.974237Z', 529, '114602623331447856225');
INSERT INTO session_access_group_ids(session_key, group_id) VALUES('3GqvkhcZLXTiCrekIMCt', 'allUsers');
INSERT INTO sessions(key, expiry, device_id, object_id) VALUES('6A5ljUskKzYHzyRnINev', '2023-06-05T17:16:38.149535Z', 145, '110197187571246827470');
INSERT INTO session_access_group_ids(session_key, group_id) VALUES('6A5ljUskKzYHzyRnINev', 'allUsers');
INSERT INTO sessions(key, expiry, device_id, object_id) VALUES('RfRcSKfBFZdnnt4Mz7HU', '2023-06-05T17:32:33.649347Z', 526, '118030630721247338647');
INSERT INTO session_access_group_ids(session_key, group_id) VALUES('RfRcSKfBFZdnnt4Mz7HU', 'allUsers');
INSERT INTO sessions(key, expiry, device_id, object_id) VALUES('5oe74MSMt1ReASVXx4ij', '2023-06-05T19:07:53.988645Z', 448, '102746509802024296483');
INSERT INTO session_access_group_ids(session_key, group_id) VALUES('5oe74MSMt1ReASVXx4ij', 'allUsers');
INSERT INTO sessions(key, expiry, device_id, object_id) VALUES('lsV7cqXi2yigR5pmCWNg', '2023-06-06T18:13:47.019139Z', 525, '112665949801795306885');
INSERT INTO session_access_group_ids(session_key, group_id) VALUES('lsV7cqXi2yigR5pmCWNg', 'allUsers');
INSERT INTO sessions(key, expiry, device_id, object_id) VALUES('MeUhhOzBoTdOn0L1OkAg', '2023-06-06T19:59:36.292112Z', 8, '100985683022959439933');
INSERT INTO session_access_group_ids(session_key, group_id) VALUES('MeUhhOzBoTdOn0L1OkAg', 'allUsers');
INSERT INTO sessions(key, expiry, device_id, object_id) VALUES('65ucWMtwm69zKF7aqbPU', '2023-06-06T22:35:28.615322Z', 186, '102025101977267805051');
INSERT INTO session_access_group_ids(session_key, group_id) VALUES('65ucWMtwm69zKF7aqbPU', 'allUsers');
INSERT INTO sessions(key, expiry, device_id, object_id) VALUES('CwNwi79ThK3lvNilzU4Q', '2023-06-07T03:16:04.757631Z', 291, '108609806225848391376');
INSERT INTO session_access_group_ids(session_key, group_id) VALUES('CwNwi79ThK3lvNilzU4Q', 'allUsers');
INSERT INTO sessions(key, expiry, device_id, object_id) VALUES('tEXRuJ1AryMSfnMt6Mmg', '2023-06-08T18:47:38.025715Z', 529, '114602623331447856225');
INSERT INTO session_access_group_ids(session_key, group_id) VALUES('tEXRuJ1AryMSfnMt6Mmg', 'allUsers');
INSERT INTO sessions(key, expiry, device_id, object_id) VALUES('umSysI4tRmn5xbWwShQM', '2023-06-17T20:45:40.64057Z', 76, '100991410869791331471');
INSERT INTO session_access_group_ids(session_key, group_id) VALUES('umSysI4tRmn5xbWwShQM', 'allUsers');
INSERT INTO sessions(key, expiry, device_id, object_id) VALUES('aOoaLV2Xud3SAhxmQzso', '2023-06-19T16:23:13.80778Z', 76, '100991410869791331471');
INSERT INTO session_access_group_ids(session_key, group_id) VALUES('aOoaLV2Xud3SAhxmQzso', 'allUsers');
INSERT INTO sessions(key, expiry, device_id, object_id) VALUES('FMROMjWMFZMyWdxZuHiQ', '2023-06-19T16:45:22.269047Z', 139, '112817585282727384553');
INSERT INTO session_access_group_ids(session_key, group_id) VALUES('FMROMjWMFZMyWdxZuHiQ', 'allUsers');
INSERT INTO sessions(key, expiry, device_id, object_id) VALUES('6REf7U54Oirvux7BoUVW', '2023-06-19T17:58:29.070496Z', 526, '118030630721247338647');
INSERT INTO session_access_group_ids(session_key, group_id) VALUES('6REf7U54Oirvux7BoUVW', 'allUsers');
INSERT INTO sessions(key, expiry, device_id, object_id) VALUES('1F6pH9gHHXW4HkQ9xE5L', '2023-06-22T18:03:39.788358Z', 8, '100985683022959439933');
INSERT INTO session_access_group_ids(session_key, group_id) VALUES('1F6pH9gHHXW4HkQ9xE5L', 'allUsers');
INSERT INTO sessions(key, expiry, device_id, object_id) VALUES('XbH41ar2aI3pi5Bhk3iy', '2023-06-22T20:56:45.143355Z', 529, '114602623331447856225');
INSERT INTO session_access_group_ids(session_key, group_id) VALUES('XbH41ar2aI3pi5Bhk3iy', 'allUsers');
INSERT INTO sessions(key, expiry, device_id, object_id) VALUES('kJ6O3ePuWUekfk8U1QPz', '2023-06-23T00:26:28.583041Z', 526, '118030630721247338647');
INSERT INTO session_access_group_ids(session_key, group_id) VALUES('kJ6O3ePuWUekfk8U1QPz', 'allUsers');
INSERT INTO sessions(key, expiry, device_id, object_id) VALUES('ly7mAzkWiSuupGwWretq', '2023-06-24T00:28:55.475315Z', 8, '100985683022959439933');
INSERT INTO session_access_group_ids(session_key, group_id) VALUES('ly7mAzkWiSuupGwWretq', 'allUsers');
INSERT INTO sessions(key, expiry, device_id, object_id) VALUES('OmAS1Qz2daZHdlnsXTUb', '2023-06-26T18:04:55.230613Z', 8, '100985683022959439933');
INSERT INTO session_access_group_ids(session_key, group_id) VALUES('OmAS1Qz2daZHdlnsXTUb', 'allUsers');
INSERT INTO sessions(key, expiry, device_id, object_id) VALUES('xhvpbZZBHsYUK3Qkizb3', '2023-06-27T21:23:23.289963Z', 145, '110197187571246827470');
INSERT INTO session_access_group_ids(session_key, group_id) VALUES('xhvpbZZBHsYUK3Qkizb3', 'allUsers');
INSERT INTO sessions(key, expiry, device_id, object_id) VALUES('mkDPSpCdH6KJBBP5zTdD', '2023-06-27T21:45:31.18778Z', 8, '100985683022959439933');
INSERT INTO session_access_group_ids(session_key, group_id) VALUES('mkDPSpCdH6KJBBP5zTdD', 'allUsers');
INSERT INTO sessions(key, expiry, device_id, object_id) VALUES('lhwNLWnKrfu1tiIsXjjx', '2023-06-27T23:27:29.504102Z', 526, '118030630721247338647');
INSERT INTO session_access_group_ids(session_key, group_id) VALUES('lhwNLWnKrfu1tiIsXjjx', 'allUsers');
INSERT INTO sessions(key, expiry, device_id, object_id) VALUES('7Q2doOAAIMy9cFm6cj84', '2023-06-28T15:46:34.065113Z', 526, '118030630721247338647');
INSERT INTO session_access_group_ids(session_key, group_id) VALUES('7Q2doOAAIMy9cFm6cj84', 'allUsers');
INSERT INTO sessions(key, expiry, device_id, object_id) VALUES('yBvYi81cwCVk8r3FYokR', '2023-06-28T20:49:38.770679Z', 291, '108609806225848391376');
INSERT INTO session_access_group_ids(session_key, group_id) VALUES('yBvYi81cwCVk8r3FYokR', 'allUsers');
INSERT INTO sessions(key, expiry, device_id, object_id) VALUES('DCdDvwEPO9EZkW6jNjp8', '2023-06-28T21:37:58.045851Z', 225, '115951854201743146619');
INSERT INTO session_access_group_ids(session_key, group_id) VALUES('DCdDvwEPO9EZkW6jNjp8', 'allUsers');
INSERT INTO sessions(key, expiry, device_id, object_id) VALUES('WDgW9I1jiRrNwNueglv2', '2023-06-28T22:33:05.683457Z', 139, '112817585282727384553');
INSERT INTO session_access_group_ids(session_key, group_id) VALUES('WDgW9I1jiRrNwNueglv2', 'allUsers');
INSERT INTO sessions(key, expiry, device_id, object_id) VALUES('N24qQWCCP5jI5cmHqv1L', '2023-06-29T18:41:10.785394Z', 526, '118030630721247338647');
INSERT INTO session_access_group_ids(session_key, group_id) VALUES('N24qQWCCP5jI5cmHqv1L', 'allUsers');
INSERT INTO sessions(key, expiry, device_id, object_id) VALUES('Yas8O9X4QmOVWxUrQ0fN', '2023-06-29T18:53:55.461144Z', 139, '112817585282727384553');
INSERT INTO session_access_group_ids(session_key, group_id) VALUES('Yas8O9X4QmOVWxUrQ0fN', 'allUsers');
INSERT INTO sessions(key, expiry, device_id, object_id) VALUES('feociRttGQblbNHYQdVr', '2023-06-29T22:54:09.567737Z', 529, '114602623331447856225');
INSERT INTO session_access_group_ids(session_key, group_id) VALUES('feociRttGQblbNHYQdVr', 'allUsers');
INSERT INTO sessions(key, expiry, device_id, object_id) VALUES('g8I2mdDNFcbpOifbtAbN', '2023-07-03T17:15:19.709993Z', 526, '118030630721247338647');
INSERT INTO session_access_group_ids(session_key, group_id) VALUES('g8I2mdDNFcbpOifbtAbN', 'allUsers');
INSERT INTO sessions(key, expiry, device_id, object_id) VALUES('RESvPBwjnfYLrf3Q8v9Z', '2023-07-04T22:08:17.407594Z', 529, '114602623331447856225');
INSERT INTO session_access_group_ids(session_key, group_id) VALUES('RESvPBwjnfYLrf3Q8v9Z', 'allUsers');
INSERT INTO sessions(key, expiry, device_id, object_id) VALUES('iTLK21j3BjlFOP4XGCSL', '2023-07-07T18:25:21.494717Z', 8, '100985683022959439933');
INSERT INTO session_access_group_ids(session_key, group_id) VALUES('iTLK21j3BjlFOP4XGCSL', 'allUsers');
INSERT INTO sessions(key, expiry, device_id, object_id) VALUES('Ql8Cai7enUpBToRkSkf5', '2023-07-10T22:59:18.921126Z', 8, '100985683022959439933');
INSERT INTO session_access_group_ids(session_key, group_id) VALUES('Ql8Cai7enUpBToRkSkf5', 'allUsers');
INSERT INTO sessions(key, expiry, device_id, object_id) VALUES('HvfxybbwxSPua0jFlBLo', '2023-07-25T18:05:40.984491Z', 8, '100985683022959439933');
INSERT INTO session_access_group_ids(session_key, group_id) VALUES('HvfxybbwxSPua0jFlBLo', 'allUsers');
INSERT INTO sessions(key, expiry, device_id, object_id) VALUES('Zvr4PrtW0YU4hD8D6IlY', '2023-07-26T20:48:30.326762Z', 8, '100985683022959439933');
INSERT INTO session_access_group_ids(session_key, group_id) VALUES('Zvr4PrtW0YU4hD8D6IlY', 'allUsers');
INSERT INTO sessions(key, expiry, device_id, object_id) VALUES('JInwmfAPCmWLrs1tgSvF', '2023-08-02T20:11:07.086192Z', 8, '100985683022959439933');
INSERT INTO session_access_group_ids(session_key, group_id) VALUES('JInwmfAPCmWLrs1tgSvF', 'allUsers');
INSERT INTO sessions(key, expiry, device_id, object_id) VALUES('6H6qygYEk4ZrWQ1GLf5O', '2023-08-11T23:38:08.927157Z', 8, '100985683022959439933');
INSERT INTO session_access_group_ids(session_key, group_id) VALUES('6H6qygYEk4ZrWQ1GLf5O', 'allUsers');
INSERT INTO sessions(key, expiry, device_id, object_id) VALUES('WksGCl7bqk38fZkE5iyh', '2023-08-14T22:40:32.242822Z', 8, '100985683022959439933');
INSERT INTO session_access_group_ids(session_key, group_id) VALUES('WksGCl7bqk38fZkE5iyh', 'allUsers');
INSERT INTO sessions(key, expiry, device_id, object_id) VALUES('5E2aDxRqCmOvruDHE0d2', '2023-08-15T17:36:22.581114Z', 291, '108609806225848391376');
INSERT INTO session_access_group_ids(session_key, group_id) VALUES('5E2aDxRqCmOvruDHE0d2', 'allUsers');
INSERT INTO sessions(key, expiry, device_id, object_id) VALUES('P1Xp074XS9CimYi9JM9x', '2023-08-15T18:02:29.484141Z', 8, '100985683022959439933');
INSERT INTO session_access_group_ids(session_key, group_id) VALUES('P1Xp074XS9CimYi9JM9x', 'allUsers');
INSERT INTO sessions(key, expiry, device_id, object_id) VALUES('Xyj0M1GcFCmdtKoEeXWH', '2023-08-16T23:31:18.885769Z', 8, '100985683022959439933');
INSERT INTO session_access_group_ids(session_key, group_id) VALUES('Xyj0M1GcFCmdtKoEeXWH', 'allUsers');
INSERT INTO sessions(key, expiry, device_id, object_id) VALUES('Y2fXCcMDUsiRWplzhnPT', '2023-08-29T17:22:05.890298Z', 8, '100985683022959439933');
INSERT INTO session_access_group_ids(session_key, group_id) VALUES('Y2fXCcMDUsiRWplzhnPT', 'allUsers');
INSERT INTO sessions(key, expiry, device_id, object_id) VALUES('pYl6gR8qYvBrIoEPxNog', '2023-08-29T20:43:45.560292Z', 535, '112817585282727384553');
INSERT INTO session_access_group_ids(session_key, group_id) VALUES('pYl6gR8qYvBrIoEPxNog', 'allUsers');
INSERT INTO sessions(key, expiry, device_id, object_id) VALUES('U3SJPR1IP3u56UjUjRzM', '2023-08-29T22:56:17.384112Z', 172, '116795182350144818357');
INSERT INTO session_access_group_ids(session_key, group_id) VALUES('U3SJPR1IP3u56UjUjRzM', 'allUsers');
INSERT INTO sessions(key, expiry, device_id, object_id) VALUES('IKyyuvgyR8DD9rjfX3CT', '2023-08-30T19:57:31.295627Z', 8, '100985683022959439933');
INSERT INTO session_access_group_ids(session_key, group_id) VALUES('IKyyuvgyR8DD9rjfX3CT', 'allUsers');
INSERT INTO sessions(key, expiry, device_id, object_id) VALUES('KiU7GAqZqGInKLQ37XTa', '2023-08-30T23:33:46.055872Z', 172, '116795182350144818357');
INSERT INTO session_access_group_ids(session_key, group_id) VALUES('KiU7GAqZqGInKLQ37XTa', 'allUsers');
INSERT INTO sessions(key, expiry, device_id, object_id) VALUES('crfxWVoBJCUAILVBcBjB', '2023-09-05T16:19:07.163079Z', 536, '110197187571246827470');
INSERT INTO session_access_group_ids(session_key, group_id) VALUES('crfxWVoBJCUAILVBcBjB', 'allUsers');
INSERT INTO sessions(key, expiry, device_id, object_id) VALUES('u6BjOaFeyatQ9DVodv8z', '2023-09-05T18:33:12.118125Z', 8, '100985683022959439933');
INSERT INTO session_access_group_ids(session_key, group_id) VALUES('u6BjOaFeyatQ9DVodv8z', 'allUsers');
INSERT INTO sessions(key, expiry, device_id, object_id) VALUES('IPvQChBmzy3phObYhsVn', '2023-06-30T16:42:06.237831Z', 526, '118030630721247338647');
INSERT INTO session_access_group_ids(session_key, group_id) VALUES('IPvQChBmzy3phObYhsVn', 'allUsers');
INSERT INTO sessions(key, expiry, device_id, object_id) VALUES('TGQBmFJX4WzPPo2TScD5', '2023-07-04T18:41:48.646734Z', 317, '115979222766842651120');
INSERT INTO session_access_group_ids(session_key, group_id) VALUES('TGQBmFJX4WzPPo2TScD5', 'allUsers');
INSERT INTO sessions(key, expiry, device_id, object_id) VALUES('xft8uKiAy0O55g3iGiX8', '2023-07-04T19:09:32.477772Z', 8, '100985683022959439933');
INSERT INTO session_access_group_ids(session_key, group_id) VALUES('xft8uKiAy0O55g3iGiX8', 'allUsers');
INSERT INTO sessions(key, expiry, device_id, object_id) VALUES('xHsyB1l8W98xQEL6fa54', '2023-07-05T18:32:36.163885Z', 8, '100985683022959439933');
INSERT INTO session_access_group_ids(session_key, group_id) VALUES('xHsyB1l8W98xQEL6fa54', 'allUsers');
INSERT INTO sessions(key, expiry, device_id, object_id) VALUES('Ifvl84LOqQibR3ei8mY2', '2023-07-05T21:19:10.19184Z', 186, '102025101977267805051');
INSERT INTO session_access_group_ids(session_key, group_id) VALUES('Ifvl84LOqQibR3ei8mY2', 'allUsers');
INSERT INTO sessions(key, expiry, device_id, object_id) VALUES('A6ns3yncrT2yGp90EAmw', '2023-07-13T16:46:46.539865Z', 519, '118379929437477700289');
INSERT INTO session_access_group_ids(session_key, group_id) VALUES('A6ns3yncrT2yGp90EAmw', 'allUsers');
INSERT INTO sessions(key, expiry, device_id, object_id) VALUES('ZmXlR4wHz2F4QFDWPdct', '2023-07-13T17:11:02.101201Z', 8, '100985683022959439933');
INSERT INTO session_access_group_ids(session_key, group_id) VALUES('ZmXlR4wHz2F4QFDWPdct', 'allUsers');
INSERT INTO sessions(key, expiry, device_id, object_id) VALUES('ZpLh5svq6gzlPadnz91I', '2023-07-28T15:12:18.583886Z', 8, '100985683022959439933');
INSERT INTO session_access_group_ids(session_key, group_id) VALUES('ZpLh5svq6gzlPadnz91I', 'allUsers');
INSERT INTO sessions(key, expiry, device_id, object_id) VALUES('CUO01KufDSeJKZ9XCyHF', '2023-07-31T22:37:12.561408Z', 8, '100985683022959439933');
INSERT INTO session_access_group_ids(session_key, group_id) VALUES('CUO01KufDSeJKZ9XCyHF', 'allUsers');
INSERT INTO sessions(key, expiry, device_id, object_id) VALUES('yzsSD97yxab2qvWjxQbu', '2023-07-31T22:40:35.167737Z', 519, '118379929437477700289');
INSERT INTO session_access_group_ids(session_key, group_id) VALUES('yzsSD97yxab2qvWjxQbu', 'allUsers');
INSERT INTO sessions(key, expiry, device_id, object_id) VALUES('0qX9tKUiv2XHNk3ZJJbS', '2023-08-01T15:38:48.826494Z', 8, '100985683022959439933');
INSERT INTO session_access_group_ids(session_key, group_id) VALUES('0qX9tKUiv2XHNk3ZJJbS', 'allUsers');
INSERT INTO sessions(key, expiry, device_id, object_id) VALUES('gWafAskLOpPkaIl2e1Sy', '2023-08-01T18:24:15.638059Z', 291, '108609806225848391376');
INSERT INTO session_access_group_ids(session_key, group_id) VALUES('gWafAskLOpPkaIl2e1Sy', 'allUsers');
INSERT INTO sessions(key, expiry, device_id, object_id) VALUES('1Qca2CSXPfxuA1eamHdt', '2023-08-01T23:15:55.376571Z', 533, '100879755476735167677');
INSERT INTO session_access_group_ids(session_key, group_id) VALUES('1Qca2CSXPfxuA1eamHdt', 'allUsers');
INSERT INTO sessions(key, expiry, device_id, object_id) VALUES('Cy9hivSntitwu2bL47RK', '2023-08-04T21:59:25.478638Z', 76, '100991410869791331471');
INSERT INTO session_access_group_ids(session_key, group_id) VALUES('Cy9hivSntitwu2bL47RK', 'allUsers');
INSERT INTO sessions(key, expiry, device_id, object_id) VALUES('IOBsvpnlsry7BPOsZCKO', '2023-08-08T20:38:22.371196Z', 8, '100985683022959439933');
INSERT INTO session_access_group_ids(session_key, group_id) VALUES('IOBsvpnlsry7BPOsZCKO', 'allUsers');
INSERT INTO sessions(key, expiry, device_id, object_id) VALUES('e4n1UOPgbPLuigjLeQsZ', '2023-08-08T20:43:12.226303Z', 534, '112817585282727384553');
INSERT INTO session_access_group_ids(session_key, group_id) VALUES('e4n1UOPgbPLuigjLeQsZ', 'allUsers');
INSERT INTO sessions(key, expiry, device_id, object_id) VALUES('1w3pqsRsbHvwha9y0D4s', '2023-08-09T21:38:20.660925Z', 8, '100985683022959439933');
INSERT INTO session_access_group_ids(session_key, group_id) VALUES('1w3pqsRsbHvwha9y0D4s', 'allUsers');
INSERT INTO sessions(key, expiry, device_id, object_id) VALUES('ZcxAmQ1s3Io16HxHlF7c', '2023-08-09T21:53:37.943482Z', 519, '118379929437477700289');
INSERT INTO session_access_group_ids(session_key, group_id) VALUES('ZcxAmQ1s3Io16HxHlF7c', 'allUsers');
INSERT INTO sessions(key, expiry, device_id, object_id) VALUES('qSeI6jxx77xI0mU0EEID', '2023-08-09T22:15:30.431217Z', 291, '108609806225848391376');
INSERT INTO session_access_group_ids(session_key, group_id) VALUES('qSeI6jxx77xI0mU0EEID', 'allUsers');
INSERT INTO sessions(key, expiry, device_id, object_id) VALUES('662uLNpKykZz4uClOVPl', '2023-08-10T17:10:11.614836Z', 8, '100985683022959439933');
INSERT INTO session_access_group_ids(session_key, group_id) VALUES('662uLNpKykZz4uClOVPl', 'allUsers');
INSERT INTO sessions(key, expiry, device_id, object_id) VALUES('ce8xDcRfiG3Pj09pdTdr', '2023-08-10T17:21:21.439271Z', 291, '108609806225848391376');
INSERT INTO session_access_group_ids(session_key, group_id) VALUES('ce8xDcRfiG3Pj09pdTdr', 'allUsers');
INSERT INTO sessions(key, expiry, device_id, object_id) VALUES('ESZMZyB5jLX7YVtEaRsz', '2023-08-10T18:06:16.168665Z', 526, '118030630721247338647');
INSERT INTO session_access_group_ids(session_key, group_id) VALUES('ESZMZyB5jLX7YVtEaRsz', 'allUsers');
INSERT INTO sessions(key, expiry, device_id, object_id) VALUES('1CchKsEobbC6UMclsGxv', '2023-08-10T20:26:54.993296Z', 534, '112817585282727384553');
INSERT INTO session_access_group_ids(session_key, group_id) VALUES('1CchKsEobbC6UMclsGxv', 'allUsers');
INSERT INTO sessions(key, expiry, device_id, object_id) VALUES('DStPLC8JG6WmUR2lgzlj', '2023-08-14T19:51:40.600795Z', 8, '100985683022959439933');
INSERT INTO session_access_group_ids(session_key, group_id) VALUES('DStPLC8JG6WmUR2lgzlj', 'allUsers');
INSERT INTO sessions(key, expiry, device_id, object_id) VALUES('IKqJz0TelPdgnEzYZ9i1', '2023-08-21T21:03:05.408773Z', 535, '112817585282727384553');
INSERT INTO session_access_group_ids(session_key, group_id) VALUES('IKqJz0TelPdgnEzYZ9i1', 'allUsers');
INSERT INTO sessions(key, expiry, device_id, object_id) VALUES('kZM5YOigu47EwNnEEkXp', '2023-08-24T18:55:31.402189Z', 8, '100985683022959439933');
INSERT INTO session_access_group_ids(session_key, group_id) VALUES('kZM5YOigu47EwNnEEkXp', 'allUsers');
INSERT INTO sessions(key, expiry, device_id, object_id) VALUES('GFYwhILrxOElrx1AHyLn', '2023-08-28T23:34:34.870464Z', 8, '100985683022959439933');
INSERT INTO session_access_group_ids(session_key, group_id) VALUES('GFYwhILrxOElrx1AHyLn', 'allUsers');
INSERT INTO sessions(key, expiry, device_id, object_id) VALUES('pyYVnINqv9sYRnNunI8P', '2023-09-05T16:46:24.140275Z', 76, '100991410869791331471');
INSERT INTO session_access_group_ids(session_key, group_id) VALUES('pyYVnINqv9sYRnNunI8P', 'allUsers');
INSERT INTO sessions(key, expiry, device_id, object_id) VALUES('BgJuTOSZm3TyetZDSaC6', '2023-09-05T18:53:53.714842Z', 519, '118379929437477700289');
INSERT INTO session_access_group_ids(session_key, group_id) VALUES('BgJuTOSZm3TyetZDSaC6', 'allUsers');
INSERT INTO sessions(key, expiry, device_id, object_id) VALUES('LyhgW4va4CrP28Koo7Ro', '2023-09-08T16:03:54.684735Z', 536, '110197187571246827470');
INSERT INTO session_access_group_ids(session_key, group_id) VALUES('LyhgW4va4CrP28Koo7Ro', 'allUsers');
INSERT INTO sessions(key, expiry, device_id, object_id) VALUES('maUco958Iw050RHy18UP', '2023-09-11T17:55:30.494373Z', 526, '118030630721247338647');
INSERT INTO session_access_group_ids(session_key, group_id) VALUES('maUco958Iw050RHy18UP', 'allUsers');
INSERT INTO sessions(key, expiry, device_id, object_id) VALUES('Z5PZNC0QTJddx9OrIS3E', '2023-09-12T15:54:14.859435Z', 526, '118030630721247338647');
INSERT INTO session_access_group_ids(session_key, group_id) VALUES('Z5PZNC0QTJddx9OrIS3E', 'allUsers');
INSERT INTO sessions(key, expiry, device_id, object_id) VALUES('qRLTFAmghJFKyjo88Ilp', '2023-09-13T19:00:21.826421Z', 291, '108609806225848391376');
INSERT INTO session_access_group_ids(session_key, group_id) VALUES('qRLTFAmghJFKyjo88Ilp', 'allUsers');
INSERT INTO sessions(key, expiry, device_id, object_id) VALUES('3U3SmpJ912ItkttKEelW', '2023-09-13T21:13:07.211005Z', 8, '100985683022959439933');
INSERT INTO session_access_group_ids(session_key, group_id) VALUES('3U3SmpJ912ItkttKEelW', 'allUsers');
INSERT INTO sessions(key, expiry, device_id, object_id) VALUES('mFm1fTNWferHedwHKTDi', '2023-09-14T17:39:49.172663Z', 172, '116795182350144818357');
INSERT INTO session_access_group_ids(session_key, group_id) VALUES('mFm1fTNWferHedwHKTDi', 'allUsers');
INSERT INTO sessions(key, expiry, device_id, object_id) VALUES('RfLe9pl0eNSOK7uNBX0Z', '2023-09-14T21:21:51.140039Z', 8, '100985683022959439933');
INSERT INTO session_access_group_ids(session_key, group_id) VALUES('RfLe9pl0eNSOK7uNBX0Z', 'allUsers');
INSERT INTO sessions(key, expiry, device_id, object_id) VALUES('xVg6Q8QVNF8TSQFdpSb1', '2023-09-14T23:00:26.10519Z', 529, '114602623331447856225');
INSERT INTO session_access_group_ids(session_key, group_id) VALUES('xVg6Q8QVNF8TSQFdpSb1', 'allUsers');
INSERT INTO sessions(key, expiry, device_id, object_id) VALUES('eSXB7VLHFPBC11C2nE63', '2023-09-15T20:14:27.828204Z', 8, '100985683022959439933');
INSERT INTO session_access_group_ids(session_key, group_id) VALUES('eSXB7VLHFPBC11C2nE63', 'allUsers');
